426,419,439,423,432,399,419,426,392,426,417,438,403,412,412,399,410,410,
413,446,442,451,450,454,441,423,434,456,441,419,450,465,461,441,446,434,
403,414,365,443,440,433,436,447,455,427,451,427,436,424,452,442,450,415,
424,409,436,406,463,449,469,401,448,461,436,399,459,435,429,429,429,417,
466,449,480,467,449,432,459,399,439,444,456,425,488,454,452,439,476,410,
439,465,459,462,485,463,472,436,425,467,436,448,473,485,463,437,454,401,
443,471,441,441,455,462,438,422,445,429,443,436,446,446,425,437,445,421,
429,477,489,441,492,462,480,470,443,476,487,472,490,519,503,480,473,456,
401,457,455,422,436,455,435,422,452,432,433,419,434,460,456,458,447,430,
391,432,403,559,518,512,528,521,500,551,532,478,545,498,494,490,494,475,
492,545,527,521,532,506,498,489,521,516,515,519,528,514,494,480,504,511,
488,531,524,523,539,537,527,483,522,525,523,479,499,531,477,514,515,490,
490,527,507,505,558,541,508,489,444,492,440,497,516,505,475,525,475,513,
529,536,540,522,495,488,460,494,523,502,418,427,457,473,428,451,494,444,
477,561,537,506,500,459,526,530,469,481,438,485,457,451,457,483,438,419,
466,508,493,496,504,468,512,520,512,505,529,519,503,502,487,529,536,496,
503,552,514,510,519,508,493,495,535,505,523,537,489,475,499,489,513,468,
529,574,567,536,532,524,524,539,515,497,511,512,539,538,526,533,496,519,
501,521,505,544,553,534,562,531,539,525,543,500,570,506,484,482,539,479,
566,594,561,568,548,559,552,534,556,523,504,532,521,491,518,491,529,468,
