0,0,0,0,0,0,0,0,0,0,0,0,0,0,0,0,0,0,0,0,0,0,0,0,0,0,0,0,0,0,0,0,0,0,0,0,0,0,0,0,0,0,0,0,0,0,0,0,0,0,0,0,0,0,0,0,0,0,0,0,0,0,0,0,0,0,0,0,0,0,0,0,0,0,0,0,0,0,0,0,0,0,0,0,0,0,0,0,0,0,0,0,0,0,0,0,0,0,0,0,0,0,0,0,0,0,0,0,0,0,0,0,0,0,0,0,0,0,0,0,0,0,0,0,0,0,0,0,0,0,0,0,0,0,0,0,0,0,0,0,0,0,0,0,0,0,0,0,0,0,0,0,0,0,0,0,0,0,0,0,
4027,3783,4028,3655,3574,3619,3574,3946,3795,3623,3805,3449,3690,3915,3798,3459,3773,3838,3973,3595,3438,3788,3768,4041,3747,3816,3987,3705,3516,3879,3971,3876,3648,3412,3738,3985,3544,3820,3789,3627,3887,3878,3917,3545,3883,3905,3809,4043,3843,4121,3585,3955,3837,3587,3800,3895,4086,3613,4014,3632,3580,3967,3949,3673,3764,3840,3572,3640,3785,3450,3502,3407,3254,3653,3330,3461,3360,3472,3665,3646,3257,3529,3453,3230,3617,3392,3114,3583,3193,3225,3292,3044,3395,3113,3088,3456,3210,3288,3386,3222,3148,3219,3278,3451,3189,3459,3131,3304,3478,3026,2930,3351,2961,3191,3135,2960,3358,3168,3338,3099,3497,3125,3200,3379,3006,3308,3079,3370,3023,3253,3052,3284,3037,3323,2994,3172,3217,3644,3101,3253,3230,3157,3227,3182,0,0,0,0,0,0,0,0,0,0,0,0,0,0,0,0,
3493,3457,3677,3834,4011,3971,4065,3383,3831,3987,3841,3740,3419,3591,3722,3776,3875,3494,3537,3835,3834,3909,3699,3462,3663,3808,3886,3670,3442,3800,3847,3891,3769,3416,3615,3757,3632,3409,3758,3674,3694,3557,3872,3908,3442,3809,3920,3911,3857,3496,3930,3932,3645,3737,3827,3906,3531,3986,3493,3683,4103,3705,3769,3790,4074,3565,4103,3845,3467,3910,3573,3717,3982,3202,3156,3662,3414,3231,3281,3482,3108,3407,3341,3257,3475,3237,3178,3555,3526,3287,3537,3371,3146,3713,3282,3093,3467,3334,3552,3017,3217,3334,3167,3552,3039,3299,3420,3096,3270,3275,3325,3180,3090,3234,3101,3198,3194,3058,3321,3088,3119,3189,2996,3450,3101,3189,2923,3184,3124,3158,3197,3038,3435,3250,3091,3362,3089,3310,3138,3137,2960,3029,3027,3154,3232,2972,3200,3048,3138,0,0,0,0,0,0,0,0,0,0,0,
3807,4095,3725,3452,3544,3383,3728,3839,3968,3719,3401,3600,3630,3869,3859,3486,3683,3740,3720,3549,3769,3748,3868,3667,3622,3973,3886,3516,3767,3812,3980,3748,3501,3846,3829,3696,3684,3819,3618,3640,4103,3955,3433,3900,3815,3920,3590,3810,4057,3694,3743,3742,3746,3577,4109,4029,3432,3928,3768,3910,3837,4182,3599,3999,3997,3563,3653,3901,3703,3436,3684,3415,3578,3671,3248,3544,3221,3375,3523,3276,3510,3649,3212,3367,3548,3348,3472,3543,3174,3388,3446,3234,3495,3502,3141,3432,3074,3363,3363,3177,3658,3218,3174,3612,3164,3429,3265,3266,3578,3106,3378,3109,3107,3628,3042,3497,3440,3310,3341,3158,3702,3169,3365,2966,3211,3095,3234,3269,3074,3385,3057,3354,3236,3361,2977,3203,3025,3864,3376,3014,3244,3131,3190,3093,3006,3241,3124,3185,3088,0,0,0,0,0,0,0,0,0,0,0,
3380,3795,3561,3934,3575,3792,4148,3473,3610,3835,3907,3990,3627,3486,3485,3700,3854,3577,3518,3550,3724,3878,3969,3712,3686,3562,3918,3770,3619,3834,3610,4034,3989,3488,3861,3741,3678,3416,3774,3949,3692,3753,3904,3920,3614,3944,3960,4113,3620,3426,3913,3873,3830,3728,3987,3831,3490,3713,3787,3918,3890,4010,3829,3402,3896,3718,3911,4093,3804,3451,4081,3530,3659,3755,2992,3471,3716,3340,3413,3653,3474,3330,3457,3487,3242,3727,3475,2992,3627,3259,3150,3464,3347,3114,3398,3164,3233,3397,3176,3241,3147,3515,3297,3096,3521,3148,3371,3346,3069,3369,3185,3272,3307,2935,3490,2991,3286,3230,3131,3474,3006,3215,3274,3252,3161,3001,3411,2922,3399,3113,3175,3135,3085,3411,3570,3020,3241,3076,3015,2993,3219,2951,2932,3379,2831,3229,3055,3213,3046,3205,0,0,0,0,0,0,0,0,0,0,
3743,3930,3771,3958,3510,3683,3794,3932,4132,3645,3477,3669,3810,3922,3529,3543,3781,3745,3472,3609,3521,3934,3850,3588,3494,3858,3600,3810,3934,3480,3728,3762,3848,3985,3887,3735,3907,3569,3687,3802,3709,3703,3724,3850,4084,3535,3951,4068,3893,3849,3762,3743,3425,3643,3966,3701,3903,3800,3738,3760,4120,3812,3660,3941,4058,3774,3633,3925,3602,3563,3931,3254,3622,3675,3313,3472,3336,3605,3512,3459,3491,3773,3355,3658,3482,3073,3682,3486,3137,3356,2887,3310,3372,3245,3265,3270,3218,3343,3198,3216,3491,3159,3365,3476,3401,3571,3082,3322,3282,3202,3392,3194,3501,3149,3418,3106,3384,3084,3149,3672,3072,3400,3221,3446,3277,3317,3267,3288,3218,3291,3317,3328,3369,3131,3483,2955,3942,3391,3201,3270,2944,3413,3125,0,3388,3195,3263,2937,3409,3123,0,0,0,0,0,0,0,0,0,0,
3528,3412,3686,3815,3871,2373,3960,3537,3711,4031,3917,3835,3648,3609,3524,3828,3882,3437,3851,4005,4028,3691,3772,3778,3785,3920,3514,3486,3550,3571,3993,3888,3675,3840,3750,4163,3492,3786,3745,4065,3753,3873,3886,3783,3513,3915,4020,3799,3602,4080,3835,3823,3485,3793,4011,3612,3770,3808,3793,3518,3743,3861,3694,3584,3933,3751,3705,3898,3645,3696,3923,3702,3926,3887,3131,3521,3701,3241,3231,3270,3314,3463,3607,3178,3288,3520,3362,3378,3568,3344,3122,3687,3176,3219,3379,3067,3333,3214,3049,3134,3280,3171,3092,3284,3259,3155,3405,3038,3210,3376,3084,3302,3196,3182,3123,3072,3372,3191,3098,3330,3057,3371,3225,3336,3200,3138,3349,3067,3325,3089,3374,3185,3175,3098,3127,3287,3058,3137,3278,2939,3282,2933,3051,3313,3114,3207,3057,3103,3061,3144,0,0,0,0,0,0,0,0,0,0,
3768,3902,3744,3449,3540,3669,3949,3629,3441,3823,3862,4027,3924,3560,3545,3900,3687,3651,3538,3668,3959,3825,3721,3583,3591,3592,3669,3524,4024,3922,3626,3829,3904,4014,3818,3570,3987,3579,3593,3929,3678,3621,3988,4019,3734,3690,3680,4064,3888,3533,4049,3753,3814,3804,4025,3713,3672,3971,3442,3851,3875,3664,3513,3917,4003,3282,3809,3797,3512,3722,3869,3560,3681,3588,3221,3488,3095,3755,3458,3481,3683,3375,3351,3647,3052,3266,3594,3406,3289,3715,3211,3304,3283,3209,3262,3090,3020,3557,3145,3323,3451,3250,3575,3308,3317,3438,3108,3552,3199,3210,3267,3152,3401,3186,2959,3583,3283,3552,3142,3268,3536,3196,3339,3106,3398,3050,3414,3067,3385,2954,3500,3204,3213,3129,3210,3229,3016,3707,3270,3131,2986,3285,3306,2982,3266,3122,2982,3280,3299,2981,0,0,0,0,0,0,0,0,0,0,
3537,3896,3889,3787,3600,3573,3978,3953,4010,3825,3649,3756,3923,3938,3916,3722,3753,3388,3816,3955,3817,3627,3561,3814,3758,3899,3634,3515,3384,3969,3814,3686,3722,3833,3954,3776,3681,3904,3953,3498,3757,3918,3908,3579,3756,4074,3845,3932,3461,3448,3846,3601,3894,3878,3903,3765,3461,3935,3575,3865,3974,4079,3604,3697,3991,3657,3957,3843,3689,3831,4027,3675,3962,3781,3129,3606,3719,3468,3613,3449,3364,3370,3483,3284,3538,3515,3231,3387,3445,3091,3414,3261,3147,3346,3259,3175,3562,3253,3347,3120,3196,3405,2879,3397,3094,3152,3455,3239,3428,3203,3087,3405,3096,3410,3276,3251,3398,3028,3220,3225,2994,3440,3108,3364,3034,3235,3062,3272,3265,3219,3446,3049,3166,3100,3069,3356,3024,3337,3099,3037,3050,3145,3084,3023,3267,3168,3244,3087,3192,3070,0,0,0,0,0,0,0,0,0,0,
2909,2905,3569,3873,3180,4171,3722,3486,3780,3591,3917,4021,3716,3717,3476,3922,3814,3404,3621,3179,3917,3869,3556,3607,3882,3585,3239,3820,4006,3946,3636,3472,4042,3965,3906,3617,3655,3700,3769,3777,3570,3671,3816,3768,3894,3508,3934,3947,3639,3838,3757,3657,3577,3997,3812,3501,3820,3951,3497,3925,3907,3505,3765,3908,3619,3665,3919,3839,3560,3757,3907,3608,3721,3222,3421,3324,3437,3817,3410,3347,3645,3307,3293,3587,3136,3403,3553,3097,3297,3450,3258,3611,3299,3321,3379,3299,3330,3515,3158,3421,3432,3160,3521,3295,3299,3282,3392,3577,3099,3454,3223,3095,3466,3130,3397,3230,3202,3400,3077,3520,3210,3211,3177,3303,3307,3200,3242,3070,3518,3146,3469,3044,3353,3147,3312,3092,3253,3281,3125,3352,3202,3307,3124,3313,3114,3343,3201,3303,3117,3310,0,0,0,0,0,0,0,0,0,0,
3090,3909,3793,2871,3558,3852,4048,3931,3980,3779,3711,3488,3798,3936,3798,3742,3452,3812,3923,3923,3883,3073,3475,4097,3912,3955,3543,3419,3716,3891,3859,3496,3559,4010,3978,4088,3849,3959,3916,3883,3651,4024,3727,3646,3598,4173,3952,3427,3634,3903,3826,3790,3521,3952,3842,3571,3524,3843,3559,3686,3898,3665,3503,3858,3949,3860,4014,3894,3584,4123,3987,3761,3956,3791,3211,3710,3421,3253,3685,3333,3218,3562,3247,3428,3676,3482,3139,3405,3387,3259,3522,3227,3135,3450,3082,3259,3430,3123,3357,3115,3437,3309,3209,3329,3074,3369,3279,3250,3352,2935,3363,3187,3181,3524,3071,3346,3192,2947,3444,2993,3115,3126,2987,3342,3052,3420,3058,3467,3201,3239,3245,3124,3263,3001,2829,2976,2924,3153,3084,3160,2955,3215,3288,2933,3299,3079,3016,3066,3220,2995,0,0,0,0,0,0,0,0,0,0,
3457,3556,3676,3497,3799,3834,3544,3768,3557,3864,4117,3898,3782,3459,3593,3972,3533,3621,3782,4041,4003,3608,3832,3730,3976,3664,3990,3982,3987,3458,2840,3968,3903,3924,3679,3768,3711,3423,3841,3762,3832,3624,4136,3897,3477,3833,3853,3896,3685,3652,4034,3546,3680,3912,3777,3487,3900,3928,3815,3978,3464,3738,3922,4069,3706,3743,3957,3531,3507,3885,3555,3640,3370,3389,3371,3168,3570,3752,3155,3407,3666,3482,3451,3611,3532,3493,3605,3151,3626,3340,3184,3625,3271,3256,3367,3208,3612,3245,3179,3339,3198,3437,3351,3071,3599,3144,3507,3339,3051,3510,3135,3278,3585,3054,3434,3273,3274,3300,3219,3317,3504,3077,3244,3214,3200,3199,3150,3308,3045,3417,3160,3429,3118,3336,3157,3245,2963,3599,3387,3231,3287,3235,3371,3191,3381,3226,3283,3229,3363,3189,0,0,0,0,0,0,0,0,0,0,
3895,3890,3802,3408,3791,3614,4087,3785,3886,3987,3398,3761,3900,3916,3784,3502,3609,3734,3918,3986,3637,3637,3798,4047,3955,3603,3629,3612,3746,3842,3727,3623,3659,3894,3995,3648,3153,3954,3852,3760,3755,3890,3890,3470,4074,4216,3851,4019,3506,4081,3973,3648,3847,3877,3887,3528,3602,3876,3612,3887,3987,3622,3661,3930,3655,3569,3982,3637,3773,3980,4037,3904,4100,3488,3291,3751,3204,3312,3753,3305,3350,3749,3423,3208,3611,3259,3388,3542,3259,3414,3588,3358,3454,3551,3256,3117,3490,3225,3604,3159,3512,3137,3228,3199,3142,3238,3258,3215,3337,3180,3479,3232,3289,3300,3024,3360,2910,3155,3287,3346,3193,3152,3451,3132,3439,2878,3386,3083,3192,3167,3219,3279,2988,3207,3427,3175,3122,3006,3355,3117,2775,3042,3148,3340,3033,3319,3021,3437,3163,3118,0,0,0,0,0,0,0,0,0,0,
3445,3618,3613,3852,3949,3714,3760,3438,3674,3687,3952,3969,3435,3531,3466,4118,3624,3603,3795,4017,3776,3603,3627,3752,3865,3511,3809,4101,3677,3932,3555,4008,3952,3026,3690,3622,3397,3707,3878,3780,3497,4173,3938,3798,3743,3691,3990,3709,3524,3897,3940,3480,3842,3793,3572,3440,3804,3834,3678,4066,3775,3672,3944,4077,3694,3952,4054,3852,3598,3984,3624,3689,3253,3446,3764,3386,3636,3761,3281,3774,3427,3185,3742,3648,3292,3674,3389,3431,3612,3147,3339,3542,3285,3409,3355,3151,3696,3314,3207,3547,3178,3254,3193,3573,3253,3378,3336,3350,3522,3290,3283,3345,3243,3144,3059,3288,3383,3285,3317,3030,3729,3031,3297,3055,3355,3339,3165,3254,3038,3645,3009,3448,3134,3575,3200,3391,3074,3878,3485,3173,3377,3093,3463,3019,3482,3163,3373,3086,3458,3013,0,0,0,0,0,0,0,0,0,0,
3608,3730,3763,3689,3286,3606,3936,4035,3806,3462,3667,3133,3753,3839,3793,3577,3606,3611,3914,3739,3947,3725,3894,3946,3845,3790,3403,3696,3889,3830,3744,3516,3647,3918,3902,3792,3880,3897,3541,3669,3988,3719,3546,3822,3774,4058,3857,3662,4000,4021,3748,3656,3867,3911,3523,3478,3819,4007,3571,4019,4051,3570,3888,3873,3801,3632,4041,3639,3778,3951,3634,3976,3883,3747,3219,3415,3377,3489,3520,3219,3528,3747,3291,3208,3821,3402,3428,3660,3133,3435,3611,3104,3612,3689,3135,3425,3084,3566,3254,3413,3038,3326,3325,3024,3494,3099,3118,3464,2999,3354,3120,3282,3413,2996,3507,3235,3227,3394,3056,3334,3053,3295,3245,3029,3243,3037,3626,2780,3419,3011,3352,3291,3153,3311,3347,3154,3198,3184,3256,3032,3383,3058,2890,3390,3075,3489,3107,3302,3076,3384,0,0,0,0,0,0,0,0,0,0,
3588,3399,3645,3824,3880,3674,3427,3658,3432,3825,3859,3531,3691,3372,3636,3776,3416,3748,4029,4040,3900,3682,3715,3911,3964,3619,3951,3898,3891,3451,3736,4016,3978,3879,3571,3809,3731,3451,3956,3499,3893,3852,4089,3830,3568,4132,4104,3767,3526,4031,3981,3674,3842,3828,3845,3828,4034,3734,3939,3985,3607,3861,3920,3929,3560,4082,3868,3481,3947,3969,3621,3887,3582,3324,3843,3276,3630,3332,3559,3671,3462,3565,3584,3527,3660,3466,3509,3824,3240,3160,3603,3181,3565,3432,3155,3588,3141,3110,3522,3117,3521,3069,3173,3435,3097,3473,3311,3358,3403,3085,3407,3161,3074,3543,3221,3413,3071,3329,3272,3203,3838,3228,3618,3280,3347,3127,3265,3183,3213,3254,3103,3232,3221,3289,3123,3394,3129,3790,3452,3137,3261,3222,3372,3092,3445,3127,3257,3215,3368,3087,0,0,0,0,0,0,0,0,0,0,
3877,3902,3773,3472,3521,3092,4069,3954,3775,3754,3493,3623,3961,3882,3795,3508,3719,3828,3896,3909,3547,3717,3905,3943,3951,3594,3615,3761,3976,3856,3523,3555,3901,3972,3901,3362,3866,3996,3834,3438,3830,3893,3795,3475,4127,3960,3554,3708,3964,4102,3875,3722,3939,3992,3764,3478,3984,3854,3785,4036,3665,3696,3871,3963,3626,3691,3751,3913,3937,4009,3751,3884,3781,3601,3097,3072,3738,3805,3283,3544,3484,3538,3298,3604,3333,3442,3662,3149,3733,3677,3144,3300,3388,3327,3513,3241,3373,3651,3209,3207,3328,3534,3221,3257,3379,3247,3420,3226,2876,3309,3073,3335,3433,3218,3450,3100,3453,3217,3245,3422,3071,3442,3304,3108,3355,2987,3514,3140,3504,3077,3214,3175,3203,2982,3086,3185,3294,3098,3261,2759,3213,3078,3133,3298,3078,3398,3131,3182,3144,3365,0,0,0,0,0,0,0,0,0,0,
3502,3670,3704,3896,3779,3164,3706,3530,3780,3800,3394,3817,3457,3533,3834,3942,3469,3648,3937,4036,3712,3749,3790,3961,4011,3769,3876,3974,3607,3688,3497,4083,3873,3591,3733,3659,3521,3929,3857,3706,3763,4006,3908,3608,3768,4018,4072,3870,3712,3968,4018,3606,3986,3624,3551,3848,3946,3874,3973,3906,3898,4187,3971,3476,4143,3856,3660,3896,3879,3790,3705,3350,3338,3814,3433,3728,3519,3527,3801,3666,3270,3847,3394,3462,3629,3253,3438,3587,3143,3599,3421,3229,3485,3253,3172,3541,3337,3480,3163,3304,3591,3285,3468,3298,3261,3601,3277,3505,3457,3321,3496,3285,3096,3501,3257,3168,3350,3377,3193,3233,3510,3246,3139,3267,3499,3029,3402,3035,3385,3222,3339,3068,3279,3214,3190,3298,3064,3892,3318,3206,3372,3240,3342,3265,3310,3194,3368,3231,3332,3265,0,0,0,0,0,0,0,0,0,0,
3940,3767,3576,3677,3564,3697,4016,3913,3851,3562,3688,3886,3985,3959,3654,3513,3643,3825,3919,3573,3567,3771,3998,4010,3691,3834,3461,3568,3799,3720,3711,3631,3790,3848,3540,3758,4016,3938,3479,3700,4089,3831,3619,4024,3945,3948,3656,3721,3917,3926,3578,3776,4180,4212,3556,3850,3655,3478,3984,3883,3575,3975,4085,3522,3750,3939,3805,3982,4028,3590,3693,3583,3982,3915,3074,3401,3794,3564,3212,3745,3419,3238,3658,3368,3478,3594,3481,3398,3590,3515,3175,3720,3211,3354,3470,3048,3265,3509,3133,3340,3204,3484,3322,3186,3375,3046,3470,3188,3186,3357,3315,3536,3073,3271,3273,3154,3598,3157,3423,3129,3190,3380,3041,3427,2988,3280,3236,3319,3323,3189,3317,2947,3411,3241,3190,3457,3110,3238,3156,3136,3246,3199,3283,3118,3242,3059,3127,3234,3254,2986,0,0,0,0,0,0,0,0,0,0,
3547,3525,3801,3936,3802,3807,3345,3564,3833,3921,3838,3471,3517,3628,3752,3670,3618,3761,3945,3662,3924,3510,3842,3921,3892,3871,3939,3832,3792,3572,3940,3786,3691,3895,3566,4010,3735,3770,4074,3790,3899,3918,3856,3721,3981,3887,3588,3959,4117,4439,2794,3978,3694,3559,3994,4025,3885,3736,3743,3588,3902,4015,3668,3736,3868,3812,3332,3984,3943,3455,3939,3492,3520,3767,3475,3714,3334,3564,3777,3311,3387,3760,3528,3569,3570,3314,3575,3557,3204,3707,3118,3228,3273,3068,3446,3340,3145,3529,3340,3451,3622,3179,3417,3366,3513,3590,3045,3542,3159,3403,3445,3118,3279,3308,3311,3274,2985,3519,3038,3436,3546,3513,3156,3189,3364,3131,3372,3098,3450,3144,3467,3251,3340,3154,3295,3053,3481,3597,3161,3414,3072,3414,3117,3439,3153,3404,3068,3410,3112,3432,0,0,0,0,0,0,0,0,0,0,
3915,3748,3912,3365,3584,3867,3996,3970,3528,3621,3669,3955,3921,3550,3778,3462,3847,3932,3504,3884,3441,3692,4063,3947,3868,3487,3749,3811,3831,3708,3467,3920,3924,3848,3903,3956,3485,3547,3574,3944,3455,3513,3944,4099,3884,2786,4034,4082,3717,3873,3596,3956,3841,3690,4218,3983,3924,3594,3956,3577,3850,3960,3794,3819,3721,3913,3465,4071,3739,3959,3605,3747,3912,4003,2977,3546,3614,3458,3242,3696,3428,3204,3807,3356,3264,3610,3280,3472,3546,3281,3370,3662,3515,3461,3474,3189,3498,3324,3151,2916,3407,3298,3182,3394,3188,3215,3467,2980,3306,3383,3157,3295,3140,3232,3232,3152,3205,3175,3426,3308,3188,3443,2971,3385,3047,3487,3068,3315,3260,3171,3417,3113,3381,2989,3174,3405,3099,3493,2985,3357,3072,3294,3442,3056,3489,3143,3408,3201,3280,3092,0,0,0,0,0,0,0,0,0,0,
3298,3573,3916,3845,3871,3333,3601,3694,3909,3764,3769,3535,3705,4102,3927,3601,3923,3872,3892,3441,3935,3915,3746,3703,3915,3845,3592,3820,3956,3695,3741,3664,3833,3957,3733,3989,4013,3620,3921,4056,3887,3568,4140,3927,3697,3864,3644,3981,3782,3554,3980,3809,3733,3924,4021,3515,3993,3843,3678,3667,3926,3470,4040,4037,3618,3726,3843,3778,3670,3930,3178,3714,3603,3391,3447,3408,3630,3849,3368,3679,3598,3192,3712,3360,3188,3549,3218,3431,3668,3311,3380,3454,3133,3607,3293,3284,3740,3133,3454,3486,3176,3679,3202,3290,3380,3191,3565,3310,3167,3251,3246,3504,3275,3399,3270,3233,3341,3311,3492,3619,3377,3336,3228,3373,3170,3380,3247,3218,3331,3347,3146,3360,3087,3424,3035,3514,3611,3209,3395,3210,3401,3026,3389,0,3203,3392,3201,3398,3015,3386,0,0,0,0,0,0,0,0,0,0,
3749,3742,3400,3646,3558,3798,3747,3624,3503,3750,3820,3542,3857,3440,3844,3936,3615,3735,3634,3729,4019,3995,3821,3477,3852,3813,3698,3576,3630,3977,3893,3832,3566,3633,3862,3706,3518,3614,3816,3546,3686,4077,3957,3685,3855,3848,4147,3864,3369,3893,3951,3876,3679,3813,4011,3608,3707,3673,3729,3744,4013,3684,3528,4022,3857,3761,4175,3743,3613,3914,3511,3879,3893,3228,3508,3678,3284,3496,3663,3215,3340,3553,3312,3432,3785,3378,3218,3741,3343,3431,3579,3121,3545,3251,3063,3457,3187,3331,3182,3448,3360,3199,3740,3345,3319,3357,3168,3443,3190,3302,3373,2975,3522,3187,3468,3158,3059,3355,3182,3274,3293,3183,3346,3143,3360,3099,3308,2930,3282,3044,3252,3045,3212,3136,3280,3165,3081,2984,3152,2984,3420,3380,3074,3298,3004,3123,3019,3199,2890,2878,0,0,0,0,0,0,0,0,0,0,
3738,3785,3828,3706,3365,3746,3747,3943,3878,3641,3833,3519,4097,4038,3659,3437,3997,4248,3931,4096,3871,4000,3770,3527,3980,3621,3588,4004,3985,3952,3605,3657,4058,4019,3752,3969,3874,3844,3933,3988,3633,3850,3976,3963,3744,3649,3940,3705,3852,3481,3920,3468,3740,3978,3777,3653,4002,3570,3943,3992,3794,3706,3808,3858,3516,3805,3929,3398,3853,3854,3384,3837,3463,3239,3415,3254,3697,3572,3576,3613,3633,3415,3784,3506,3330,3646,3214,3396,3440,3210,3551,3446,3130,3475,3164,3311,3460,3378,3655,3220,3536,3578,3252,3558,3171,3436,3442,3394,3321,3224,3538,3466,3205,3466,3294,3366,3192,3184,3475,3420,3550,3111,3554,3128,3454,3089,3490,3192,3310,3299,3252,3450,3113,3527,3208,3545,3577,3195,3318,3237,3344,3192,3197,3186,3314,3228,3339,3184,3195,3132,0,0,0,0,0,0,0,0,0,0,
3533,3276,3662,3682,3985,3963,3753,3741,4076,3927,3772,3854,3368,3908,4011,3973,3848,3395,4157,4040,3983,3941,3510,3903,3803,3983,3543,3543,3767,3834,3990,3724,3580,3696,3799,3472,3710,3934,3954,3426,3808,4014,3933,3881,3598,3991,3883,3476,3634,3985,3949,3633,3532,3907,3773,3722,3575,3735,3605,4073,3999,3913,3682,3914,3935,4037,3960,3635,3835,3970,3447,3968,3864,3090,3594,3485,3414,3453,3505,3343,3676,3647,3212,3626,3578,3218,3492,3588,3288,3447,3373,3217,3709,3218,3264,3542,3156,3444,3040,3513,3178,3185,3309,3198,3599,3372,3265,3259,3065,3270,3136,2974,3509,3026,3432,3134,3175,3477,3111,3415,2974,3434,3097,3332,3320,3161,3322,2930,3492,2983,3459,3064,3347,3385,3290,3208,3325,3276,3151,3044,3292,3197,3186,3212,3189,3259,3243,2888,3204,2937,0,0,0,0,0,0,0,0,0,0,
3804,3891,3801,3384,3642,3462,3960,3836,3687,3613,3397,3783,3932,3973,3792,3715,3954,3746,3658,3895,3847,4039,3895,3583,3732,3696,3608,3757,3756,3901,3747,3627,3655,3900,3918,3608,3987,3784,3595,3853,3891,3696,3652,3858,3902,3656,3871,4012,3896,3640,3754,3588,3722,3623,3974,3713,3474,4064,3863,3614,4046,3711,3511,3917,3698,3666,3789,3812,3646,3671,3896,3659,3598,3394,3523,3529,3391,3773,3430,3522,3671,3263,3541,3600,3259,3487,3389,3173,3480,3492,3222,3742,3305,3211,3474,3313,3588,3262,3264,3802,3168,3597,3407,3218,3464,3192,3537,3382,3143,3549,3025,3629,3195,3203,3486,3008,3567,3290,3571,3324,3585,3411,3075,3477,3204,3636,3122,3529,3172,3441,3336,3590,3256,3365,3357,3254,3128,3637,3227,3285,3117,3331,2965,3630,3214,3280,3115,3329,2960,2211,0,0,0,0,0,0,0,0,0,0,
3184,3834,3817,3972,3930,3463,3376,3745,3879,3978,3914,3298,3693,3817,4022,3996,3594,3709,3775,4148,3958,3882,3722,3639,3970,3738,3603,3489,3730,3914,3838,3783,3502,3774,3879,3710,3605,4165,3908,3760,3720,3943,3836,3571,3751,3981,4064,3631,3621,3874,3576,3684,3770,4086,3793,3384,3873,3701,3685,3999,4026,3525,3811,3968,3657,3833,4009,3432,3852,3868,3746,3942,3731,3085,3752,3458,3237,3643,3425,3393,3614,3657,3516,3664,3559,3238,3651,3450,3187,3681,3183,3268,3131,3166,3531,3385,3238,3624,3270,3611,3273,3469,3230,3166,3637,3016,3177,3237,3108,3357,3098,3346,3318,3241,3300,2998,3248,3380,3118,3560,3126,3560,3020,3357,3133,3178,3228,3156,3148,3150,3187,3305,3103,3214,3254,3398,3012,3298,3166,3246,3123,3105,3372,2998,3274,2962,3334,3264,3084,1781,0,0,0,0,0,0,0,0,0,0,
3661,3872,3705,3588,3405,3976,3853,3882,3690,3362,3728,3816,3993,3936,3543,3543,4016,3766,3741,3787,4152,4046,3979,3660,3522,3767,3604,3678,4012,3913,3786,3494,3823,3901,3891,3783,3876,3745,3829,4039,3725,3519,3721,3979,3947,3594,3747,4046,3713,3927,3832,3523,3490,3884,3801,3908,3633,4187,3508,4178,3905,3659,3791,4044,3746,3481,3841,3682,3470,3866,3731,3481,3786,3221,3407,3338,3665,3535,3453,3489,3841,3474,3691,3632,3201,3731,3403,3200,3644,3294,3430,3680,3223,3552,3410,3426,3689,3237,3538,3353,3209,3636,3252,3328,3625,3314,3541,3231,3456,3498,3246,3680,3273,3277,3289,3264,3111,3443,3247,3396,3628,3312,3270,3124,3566,3023,3416,3211,3358,3155,3552,3285,3364,3315,3185,3366,3196,3228,3263,3259,3374,3320,3348,3225,3257,3251,3361,3316,3341,1489,0,0,0,0,0,0,0,0,0,0,
3615,3445,3758,3867,3970,3836,3754,3571,4139,3967,3482,3726,3561,3932,3779,3743,3694,3531,4053,3976,4097,3722,3890,3825,3807,3919,3424,3516,3837,3955,3981,3547,3612,3911,3958,3623,3737,3970,3970,3562,4039,3956,3517,3685,3846,3953,3777,3658,3810,4087,3850,3504,4020,3922,3690,3537,3550,3497,3704,3941,3819,3792,3536,4103,3505,3954,3652,3760,3880,3967,4152,3784,3663,3300,3638,3439,3338,3816,3396,3275,3499,3402,3405,3592,3249,3415,3732,3337,3351,3392,3165,3453,3560,3187,3581,3151,3227,3360,3395,3199,3147,3490,3165,3258,3464,3188,3352,3015,3180,3311,3138,3419,3220,3392,3016,3405,3185,3198,3349,3137,3439,2968,3142,2999,3190,3127,3193,3361,2995,3514,2969,3366,3088,3046,3472,3207,3031,3232,2962,3045,3096,3252,3156,3228,3135,3219,3156,3446,3127,1911,0,0,0,0,0,0,0,0,0,0,
3816,3860,3789,3327,3677,3621,3911,3800,3413,3763,3385,3807,3854,3670,3865,3829,3953,3851,3634,3971,3831,3912,3745,3613,3761,3658,3613,3764,4058,3996,3417,3510,3920,4061,3950,3572,3848,3663,3550,3968,3704,3753,3817,3984,3643,3840,3974,4076,3685,3509,4018,3697,3459,3954,4053,3444,3992,3967,3986,4153,3410,3982,3950,3486,3840,3880,3767,3417,4054,3704,3536,3527,3461,3566,3358,3757,3417,3293,3685,3413,3288,3493,3363,3413,3683,3495,3404,3593,3392,3457,3563,3226,3656,3419,3420,3440,3807,3691,3110,3483,3385,3401,3588,3128,3603,3237,3443,3541,3123,3443,3007,3397,3396,3130,3405,3093,3466,3032,3275,3459,3264,3325,3229,3509,3217,3441,3028,3585,3242,3475,3265,3522,3387,3384,3179,3246,3270,3506,3189,3495,3137,3594,0,3265,3496,3183,3487,3132,3590,2627,0,0,0,0,0,0,0,0,0,0,
3322,3445,3639,3959,3863,3633,3435,3895,3903,3852,3778,3457,3638,3793,3928,3817,3374,3709,3586,4164,3911,3680,3801,3703,3929,3677,3483,3464,3755,3708,3614,3434,3684,3958,3906,3781,2980,4076,3938,3816,3884,3990,3600,3524,3949,3946,3942,3600,4142,3999,3670,3803,3806,3877,3580,3506,3794,3829,3605,4049,3710,3590,3863,3753,3715,4005,3762,3610,3996,3716,3765,3881,3577,3378,3586,3297,3573,3592,3381,3429,3651,3545,3391,3730,3304,3452,3669,3148,3483,3435,3211,3182,3135,3550,3327,3248,3597,3266,3378,3211,3688,3332,3297,3252,3232,3466,3165,3193,3385,3103,3590,3133,3045,3236,3010,3501,3041,3249,3315,3070,3422,3022,3590,3120,3312,3291,3231,3281,3151,3712,3277,3689,2912,3150,3462,3055,3340,2998,3256,3048,3360,3476,3189,3549,3082,3659,3154,3455,2976,3356,0,0,0,0,0,0,0,0,0,0,
3594,3411,3179,3308,3268,3587,3671,3670,3433,3151,3443,3411,3689,3490,3236,3385,3540,3330,3542,3332,3633,3603,3450,3353,3200,3397,3202,3690,3631,3398,3417,3415,3685,3670,2879,3394,3598,3328,3377,3437,3318,3395,3644,3738,3577,3396,3760,3688,3551,3370,3698,3150,3421,3643,3572,3370,3609,3780,3538,3688,3466,3339,3726,3647,3208,3661,3586,3266,3437,3756,3531,3372,3364,3131,3535,3283,3500,3287,3227,3549,3093,3492,3136,3074,3191,3161,3190,3273,3254,3352,2986,3358,2992,3107,3379,3152,3427,3232,3114,3548,2894,3417,3295,2999,3290,3127,3294,3014,3230,3284,2944,3185,3067,3075,3296,2905,3289,2968,3247,3235,3018,3286,3092,3311,3013,3305,3022,3371,3036,3320,3068,3175,2963,3258,2946,3148,2872,3233,2998,3291,2986,3153,0,2870,3231,2991,3287,2980,3150,2933,0,0,0,0,0,0,0,0,0,0,
3332,3213,3324,3547,3685,3394,3455,3388,3799,3600,3305,3344,3425,3754,3577,3340,3357,3246,3619,3639,3568,3384,3201,3465,3648,3488,3214,3362,3612,3860,3394,3291,3379,3660,3719,3268,3513,3842,3420,3403,3609,3625,3395,3562,3621,3718,3385,3398,3736,3708,3178,3259,3687,3481,3490,3346,3740,3250,3783,3548,3352,3410,3718,3546,3091,3516,3418,3513,3934,3632,3724,3339,3403,3108,3109,3260,3386,3227,3203,3355,3075,3303,3278,3111,3034,3253,3063,3040,3397,3075,3391,2868,3095,3333,3109,3210,3238,2890,3055,3010,3142,2943,3113,3174,2960,3297,2953,3100,3100,2913,2903,2958,3161,3092,2929,3019,2994,3223,3019,2966,3146,2991,3016,2961,3093,2911,3215,3084,2944,3208,3032,2992,2999,2818,3069,2979,3102,2913,3014,2806,3075,3182,2936,3089,2939,3035,2928,3123,2943,3138,0,0,0,0,0,0,0,0,0,0,
3402,3361,3361,3084,3192,3600,3758,3419,3242,3287,3281,3666,3746,3330,3338,3742,3530,3340,3267,3134,3733,3517,3292,3353,3485,3337,3285,3574,3773,3470,3364,3567,3740,3723,3566,3285,3609,3368,3424,3373,3481,3356,3761,3681,3329,3658,3171,3598,3735,3388,3437,3641,3285,3347,3630,3547,3481,3690,3221,3385,3364,3278,3765,3613,3460,3487,3786,3353,3287,3277,3388,3507,3351,3637,3239,3208,3515,3272,3316,3490,3215,3141,3473,3189,3243,3168,3081,3512,3137,3187,3324,3091,3319,3298,3025,3350,3129,3365,3403,2950,3418,3149,3261,3363,2999,3435,3054,3403,3121,2800,3258,3040,3107,3044,3075,3250,3039,3232,3213,3310,3065,3191,3131,3171,3017,3288,3057,3141,3239,3067,3190,2941,3212,3079,3367,2961,3015,2984,3129,3205,3068,0,0,2957,3013,2977,3126,3197,3063,2943,0,0,0,0,0,0,0,0,0,0,
3118,3286,3490,3659,3447,3197,3223,3724,3567,3368,3427,3211,3721,3634,3614,3550,3257,3414,3692,3624,3470,3205,3457,3672,3525,3317,3196,3399,3691,3637,3183,3454,3512,3754,3486,3446,3821,3657,3346,3624,3739,3548,3359,3422,3769,3515,3298,3584,3523,3316,3566,3608,3647,3240,3471,3058,3720,3721,3452,3285,3749,3378,3473,3584,3374,3421,3694,3224,3207,3483,3689,3729,3051,3072,3255,3341,3077,3246,3312,3090,3307,3287,2921,3426,3184,3071,3395,3154,3055,3254,3154,3139,3377,3184,3128,3355,2984,2997,3048,3210,3024,3195,3041,2897,3290,2900,2932,3032,3075,3036,2980,3297,2906,3193,2881,2912,3323,2970,3129,2949,3215,3146,2927,3172,2960,3129,2927,3292,2904,3077,2966,3287,3170,3015,2884,3053,3064,2910,2908,3121,3187,2962,2867,2988,2899,3108,2939,2989,2971,3066,0,0,0,0,0,0,0,0,0,0,
3599,3371,3158,3306,3268,3530,3537,3435,3261,3302,3381,3481,3667,3533,3156,3549,3347,3270,3474,3548,3565,3588,3409,3320,3650,3486,3388,3790,3524,3311,3406,3787,3763,3374,3465,3313,3313,3518,3432,3503,3833,3534,3481,3458,3451,3501,3251,3551,3801,3508,3693,3694,3190,3579,3668,3703,3341,3729,3310,3650,3669,3493,3319,3812,3499,3112,3467,3603,3281,3520,3010,3239,3414,3135,3552,3150,2981,3766,3207,3385,3585,3121,3322,3255,3067,3352,3195,3230,3467,3032,3333,3456,3129,3356,3247,3132,3386,3235,3414,3117,3088,3490,3130,3434,3101,3100,3383,2999,3268,3052,3186,3322,3010,3470,2854,3235,3022,3148,3275,3328,3233,3015,3422,2847,3348,2884,3351,2912,3338,3042,3221,3126,3229,3115,3079,3155,3019,3012,3294,3090,3227,3002,3014,3007,3286,3086,3222,2994,2927,2991,0,0,0,0,0,0,0,0,0,0,
3373,3206,3416,3462,3412,3300,3426,3612,3732,3447,3118,3476,3611,3688,3676,3219,3494,3383,3592,3551,3290,3454,3513,3542,3460,3198,3346,3639,3544,3501,3231,3582,3777,3505,3856,3880,3448,3514,3620,3593,3302,3481,3654,3625,3314,3485,3632,3379,3419,3369,3667,3389,3212,3501,3560,3482,3772,3433,3339,3631,3887,3480,3428,3758,3237,3634,3781,3343,3536,3382,3388,3760,3098,3107,3446,3256,3172,3409,3192,3235,3383,3229,3184,3485,3125,3109,3374,3017,3140,3301,3112,3370,3232,2916,3215,3084,3026,3072,3102,3224,2923,3256,2862,3171,3162,2972,3301,3075,3084,3101,3007,3218,3145,3375,2934,2933,3293,2993,3235,2860,3354,2940,3061,3142,3007,3155,2967,3147,2834,3066,2907,3322,3198,2969,2877,2978,3021,2971,3002,2902,2826,3088,2952,3178,2850,3324,2908,3115,2901,3002,0,0,0,0,0,0,0,0,0,0,
3333,3349,3317,3149,3309,3487,3628,3370,3144,3392,3426,3580,3450,3169,3381,3616,3411,3293,3303,3517,3692,3558,3315,3372,3547,3359,3696,3652,3604,3431,3367,3688,3532,3626,3572,3938,3413,3551,3772,3361,3514,3868,3420,3110,3729,3723,3512,3383,3711,3741,3163,3640,3715,3453,3588,3803,3314,3483,3455,3418,3525,3647,3310,3488,3680,3505,3403,3672,3685,3234,3412,3270,3298,3525,3198,3380,3076,3389,3570,3111,3388,3258,3201,3510,3228,3215,3573,3215,3245,3382,3075,3249,3304,2792,3485,3033,3345,3194,3140,3427,3045,3141,3255,3213,3440,3193,3325,3027,3072,3355,2989,3312,2991,3025,3623,3048,3444,3107,3287,3141,3444,3021,3069,3333,3051,3238,2863,3286,2965,3264,3069,3329,3057,3184,3048,3236,2916,3264,3035,3295,2964,3429,3158,3030,3287,2960,3425,3153,2422,3113,0,0,0,0,0,0,0,0,0,0,
3139,3254,3508,3557,3523,3203,3304,3660,3562,3388,3280,3307,3563,3379,3293,3190,3645,3662,3424,3426,3348,3426,3544,3416,3287,3400,3714,3547,3411,3437,3416,3586,3732,3393,3304,3729,3457,3555,3455,3732,3405,3598,3706,3703,3269,3476,3766,3728,3495,3204,3616,3693,3351,3247,3682,3402,3288,3738,3478,3244,3604,3629,3206,3484,3784,3136,3879,3585,3219,3570,3250,3320,3755,2981,3344,3146,3117,3208,3508,3070,3203,3351,3121,3288,3393,3014,3234,3313,3063,3360,3357,3056,3364,3196,2981,3479,3047,3210,2960,3191,3122,3092,3161,2967,3225,2934,2970,3134,3006,3405,2984,3290,3178,3034,3250,2918,3162,3117,2988,3268,3092,3189,2830,3124,2818,3011,3154,3087,3143,3011,3057,2952,3141,3124,2921,3195,2955,2989,2851,3153,2853,2636,2897,2907,3185,2827,3227,3032,2987,3139,0,0,0,0,0,0,0,0,0,0,
3328,3255,3066,3484,3495,3322,3276,3141,3378,3646,3699,3393,3299,3298,3478,3537,3328,3350,3701,3498,3443,3274,3706,3685,3469,3665,3773,3546,3407,3466,3778,3634,3552,3303,3747,3650,3239,3692,3692,3384,3644,3679,3309,3434,3575,3796,3319,3514,3513,3731,3503,3753,3489,3208,3633,3735,3448,3365,3355,3245,3528,3670,3478,3429,3623,3383,3399,3552,3411,3307,3704,3144,3505,3339,3229,3199,3269,3609,3221,3016,3374,3140,3115,3477,3027,3314,3447,3099,3335,3178,3104,3224,3345,3145,3260,3055,3369,3279,3144,3380,3026,3390,3159,3307,3153,3035,3433,3011,3272,3144,3104,3166,3014,2950,3224,3015,3176,3059,3327,3039,3445,3066,3152,3013,3080,2978,3035,3163,2976,3074,2926,3233,2940,3271,2856,3138,2871,3232,2792,3034,3071,3047,3004,3233,2788,3031,3064,3048,2993,2925,0,0,0,0,0,0,0,0,0,0,
3547,3483,3569,3148,2436,3202,3593,3383,3278,3366,3497,3677,3707,3462,3272,3090,3576,3549,3436,3234,3461,3640,3731,3443,3249,3481,3709,3477,3338,3335,3498,3758,3735,3284,3478,3739,3549,3206,3540,3612,3430,3339,3714,3650,3538,3327,3655,3531,3342,3261,3810,3475,3231,3564,3713,3430,3359,3625,3290,3624,3712,3429,3277,3616,3508,3430,3769,3681,3279,3658,3241,3693,3685,2958,3340,3446,2941,3337,3363,3157,3293,3395,3171,3466,3233,3047,3293,2912,3077,3408,3188,3113,3325,2936,3227,3321,3229,3320,3037,3315,3179,3249,3206,2952,3373,3131,3326,2879,3045,3353,3031,3323,2940,3097,3085,3046,3017,2948,3062,2893,2959,3029,2933,3205,2948,3258,2919,3188,2920,2970,3024,3160,3059,2886,2971,3006,2918,3115,2926,3174,2744,2834,3184,2878,2913,3017,3042,3123,2850,2733,0,0,0,0,0,0,0,0,0,0,
3310,3126,3368,3408,2868,3360,3137,3220,3343,3503,3475,3238,3232,3426,3463,3473,3218,3421,3856,3547,3292,3452,3499,3686,3597,3466,3641,3494,3386,3430,3729,3838,3390,3553,3506,3703,3531,3864,3686,3430,3679,3544,3483,3440,3719,3499,3483,3661,3805,3564,3302,3656,3438,3293,3636,3610,3359,3747,3468,3360,3717,3386,3347,3649,3760,3430,3550,3634,3248,3439,3576,3327,3692,3384,3258,3282,3253,3382,3120,3351,3587,3245,3315,3296,3087,3492,3203,3115,3563,3042,3284,3350,2977,3361,3307,3109,3433,3155,3291,3431,3207,3540,3229,3339,3319,3172,3536,3109,3491,3201,3229,3091,2949,3327,3065,3227,3167,3077,3198,3084,3696,2999,3120,2987,3389,3099,3394,3094,3249,2977,3110,3084,3123,3242,2836,3227,3072,2952,3147,2950,3302,2964,3436,2949,3142,2948,3299,2962,3430,2228,0,0,0,0,0,0,0,0,0,0,
3560,3610,3399,3108,3289,3414,3469,3333,3376,3259,3572,3629,3622,3378,3261,3504,3696,3642,3402,3309,3361,3678,3684,3337,3388,3415,3559,3556,3372,3305,3427,3845,3484,3513,3364,3776,3427,3437,3452,3320,3410,3671,3809,3689,3290,3537,3560,3728,3216,3540,3656,3574,3500,3313,3620,3218,3412,3730,3525,3310,3574,3470,3232,3572,3669,3448,3636,3305,3635,3722,3270,3858,3589,2878,3334,3268,3279,3439,3294,3042,3541,3343,2891,3283,3181,3223,3401,3151,3139,3333,3051,3180,3324,3194,3413,3254,3049,3223,3193,3159,3124,3380,3034,3131,3203,3035,3330,3044,3250,3126,3010,3453,3141,3341,2938,3031,3144,3052,3264,3054,3251,3048,2989,3115,3000,3227,2962,3237,2928,3264,3019,3220,2990,2720,3083,2940,3065,2846,3039,2890,2969,2936,2891,3244,2910,3180,2979,3072,2824,1951,0,0,0,0,0,0,0,0,0,0,
3116,3333,3320,3553,3536,3362,3057,3237,3179,3624,3626,3276,3274,3263,3674,3302,3209,3516,3642,3440,3410,3207,3631,3661,3415,3744,3696,3568,3384,3672,3687,3601,3422,3354,3735,3713,3386,3803,3457,3488,3813,3495,3471,3513,3787,3416,3434,3726,3720,3667,3380,3636,3295,3503,3797,3560,3277,3681,3469,3484,3830,3455,3365,3587,3614,3173,3618,3500,3374,3476,3726,3358,3368,3240,3392,3257,3428,3463,3181,3325,3488,3012,3414,3322,3221,3566,3405,3239,3488,3152,3284,3384,3065,3515,3149,3286,3316,3075,3360,3268,3404,3467,3169,3513,3146,3443,3446,3259,3608,3154,3283,3099,3125,3400,3071,3532,2961,3240,2993,3213,3304,3387,3225,3182,3021,3154,3051,3001,3194,3110,3086,3098,2959,3064,3010,2921,3092,3006,3259,2772,3083,3115,3049,3002,3250,2767,3078,3109,3044,1445,0,0,0,0,0,0,0,0,0,0,
3538,3502,3391,3304,3121,3422,3581,3494,3237,3342,3375,3609,3514,3283,3197,3466,3558,3559,3394,3193,3503,3778,3664,3466,3294,3625,3617,3504,3333,3306,3635,3800,3622,3278,3610,3735,3440,3375,3437,3464,3349,3872,3742,3475,3490,3461,3734,3446,3487,3510,3826,3508,3366,3706,3654,3415,3433,3350,3770,3844,3485,3199,3674,3472,3611,3698,3545,3523,3597,3431,3689,3534,3039,3488,3225,3180,3483,3209,3060,3488,3223,3264,3523,3309,3051,3364,3022,3329,3369,3038,3426,3111,3092,3245,3206,3144,3346,3354,3076,2998,3308,2907,3328,3208,3036,3260,3042,3350,3015,3132,3302,3134,3003,3168,3300,2971,2958,2971,3056,3219,3179,3251,2949,3233,2940,3232,3050,3096,3064,3081,2987,3108,3086,3113,3150,3067,3040,2978,3020,3112,3043,3009,3044,3022,3125,3104,3132,3045,3028,1668,0,0,0,0,0,0,0,0,0,0,
3219,3028,3347,3554,3546,3354,3175,3249,3533,3512,3475,3300,3245,3188,3595,3617,3486,3590,3710,3481,3308,3530,3629,3709,3596,3610,3663,3231,3495,3518,3826,3682,3246,3503,3619,3703,3626,3791,3458,3577,3757,3687,3311,3802,3672,3502,3531,3740,3633,3364,3363,3625,3379,3549,3715,3414,3445,3627,3305,3510,3561,3279,3628,3658,3497,3319,3693,3475,3223,3393,3426,3517,3523,3310,3415,3088,3423,3361,3209,3487,3248,3188,3514,3225,3117,3513,3102,3278,3337,3094,3499,3255,3277,3438,3149,3365,3358,3016,3490,3076,3434,3166,3348,3276,3090,3401,3125,3378,3144,3354,3108,2978,3320,2861,3227,2985,3055,3273,3150,3320,3218,3332,2952,3323,3021,3318,2953,3203,3059,3173,3055,2971,3043,2981,3141,3029,3041,3169,3103,3136,3161,3149,3030,3096,3132,3156,3145,3027,2980,2503,0,0,0,0,0,0,0,0,0,0,
3437,3528,3327,3159,3314,3360,3570,3293,3331,3223,3489,3764,3443,3322,3242,3619,3634,3440,3220,3516,3450,3846,3546,3242,3586,3569,3564,3274,3428,3382,3786,1574,3534,3495,3352,3463,3444,3266,3644,3401,3485,3703,3731,3306,3442,3799,3832,3528,3125,3772,3704,3458,3350,3848,3641,3240,3626,3534,3313,3718,3633,3378,3432,3811,3375,3680,3523,3351,3638,3639,3465,3775,3295,3092,3418,3063,3393,3558,3267,3218,3495,3057,3390,3275,3038,3370,3245,3135,3247,3239,3112,3456,3179,3236,3067,2966,3303,2983,3174,3173,3309,3115,3307,3248,3187,3399,2932,3198,3188,3128,3246,2998,3219,2983,3319,3027,2823,3308,2761,3247,3030,3016,3059,2996,3078,2927,3298,2943,3335,3108,3170,3009,3172,3181,2869,3106,2957,3143,3085,3096,2799,2951,3049,3111,3149,2987,3289,2773,3047,2857,0,0,0,0,0,0,0,0,0,0,
3142,3256,3183,3518,3523,3312,3264,3171,3373,3659,3462,3159,3190,3436,3541,3245,3416,3818,3690,3331,3386,3310,3629,3632,3507,3618,3571,3471,2902,3718,3745,3600,3436,3565,3735,3623,3676,3575,3422,3711,3705,3464,3459,3680,3701,3350,3600,3766,3517,3502,3512,3464,3370,3592,3788,3396,3442,3770,3511,3624,3491,3389,3572,3717,3326,3564,3712,3552,3385,3688,3435,3552,3403,3503,3695,3261,3472,3338,3530,3331,2991,3477,3314,3199,3445,3157,3186,3477,3035,3394,3346,3102,3454,3013,3246,3231,3143,3483,3127,3249,3319,3228,3536,3146,3334,3321,3076,3362,3178,3371,2993,3182,3383,3012,3358,3106,3350,3068,3284,3239,3278,3338,2798,3311,2962,3311,3023,3257,2990,3286,2797,3349,2942,3324,3083,3212,2870,3020,2998,3021,3046,3311,2905,3014,2996,3019,3041,3306,2902,2958,0,0,0,0,0,0,0,0,0,0,
3543,3499,3305,3221,3165,3351,3422,3394,3225,3454,3486,3584,3280,3398,3201,3531,3556,3451,3371,3393,3641,3690,3595,3210,3372,3598,3527,3595,3162,3534,3572,3715,3452,3291,3564,3677,3167,3523,3545,3443,3343,3646,3745,3615,3305,3735,3641,3382,3494,3914,3447,3327,3519,3698,3549,3279,3654,3297,3571,3831,3772,3407,3491,3741,3334,3910,3542,3348,3613,3469,3615,3721,3511,3201,3041,3209,3459,3104,3306,3467,3202,3189,3453,3141,3148,3294,3135,3447,3167,3016,3033,3166,3140,3260,3186,3193,3138,3126,3003,3151,3167,2893,3215,3056,3152,3123,3021,3322,3082,3148,3303,3078,3462,3052,3277,3107,3025,3271,2922,3441,2996,3224,2996,3080,3172,2933,3231,3024,3098,2960,3063,2815,3216,3159,3000,3086,3010,3028,2989,3106,2857,2835,3188,2828,3089,2973,3191,2892,3202,3032,0,0,0,0,0,0,0,0,0,0,
3071,3130,3442,3580,3595,3345,3055,3209,3431,3695,3408,3280,3212,3422,3571,3440,3428,3774,3745,3467,3235,3561,3668,3729,3253,3723,3547,3318,3483,3573,3646,3344,3473,3584,3898,3704,3727,3485,3348,3683,3695,3488,3431,3624,3493,3639,3549,3937,3519,3323,3619,3429,3312,3756,3666,3566,3747,3198,3513,3188,3807,3857,3406,3365,3696,3248,3370,3617,3428,3466,3409,3239,3639,3391,3274,3263,3270,3539,3264,3153,3290,3127,3175,3455,3020,3353,3232,3213,3412,3029,3307,3418,3120,3525,3382,3087,3411,3033,3476,3231,3191,3477,3128,3372,3070,3204,3287,3212,3176,3123,3275,3097,3136,3341,3170,3433,3235,3313,3141,3259,3194,3244,3180,3267,3068,3313,2902,3126,3094,3178,3073,3404,3034,3283,3012,3223,3007,3271,2944,3284,2961,0,0,3219,3003,3263,2936,3279,2958,2902,0,0,0,0,0,0,0,0,0,0,
3421,3198,3395,3071,3247,3331,3448,3311,3205,3351,3820,3718,3438,3135,3381,3556,3763,3498,3360,3511,3673,3688,3529,3306,3454,3621,3481,3323,3421,3366,3762,3548,3345,3371,3673,3527,3452,3577,3645,3323,3511,3859,3632,3308,3567,3733,3591,3349,3517,3645,3484,3484,3485,3678,3466,3426,3496,3588,3662,3389,3592,3696,3376,3398,3467,3370,3603,3651,3483,3671,3301,3524,3077,3087,3330,3299,3171,3302,3297,3101,3376,3423,3044,3408,3187,3062,3352,3172,3094,3522,3014,3000,3244,3106,3351,3222,3035,3042,3101,3243,3027,3305,3089,3415,3099,3033,3251,2929,3226,3089,3194,3135,3034,3222,3042,3158,3033,3066,3102,3023,3332,2945,3431,3087,3161,3061,2993,3171,3194,3051,3089,2890,2966,2862,3238,2974,3182,2951,3083,2984,2884,3078,3020,2930,2965,3170,3071,3011,2992,3201,0,0,0,0,0,0,0,0,0,0,
3052,3373,3303,3697,3521,3229,3230,3054,3371,3599,3406,3177,3311,3396,3750,3189,3491,3694,3569,3585,3336,3456,3694,3429,3426,3688,3400,3374,3500,3711,3551,3437,3299,3627,3818,3404,3637,3447,3569,3728,3500,3505,3646,3834,3369,3379,3744,3494,3600,3560,3821,3303,3727,3612,3592,3815,3494,3673,3406,3424,3560,3636,3295,3433,3771,3256,3388,3704,3439,3277,3256,3337,3706,3375,3458,3201,3100,3469,3030,3299,3433,3083,3405,3386,3214,3490,3222,3047,3440,2929,3332,3238,3164,3436,3078,3326,3428,3071,3471,3233,3269,3368,3071,3508,3098,3458,3229,3247,3050,3094,3362,3134,3278,3081,3110,3127,3080,3347,3085,3046,3292,3269,3149,2846,3201,3122,3240,3118,3137,3013,3118,3182,3114,3152,3008,3163,3054,3052,3051,3030,3144,0,3158,3050,3045,3042,3025,3138,3055,2961,0,0,0,0,0,0,0,0,0,0,
3632,3438,3117,3201,3112,3400,3436,3359,3248,3483,3674,3574,3094,3453,3243,3684,3615,3369,3324,3527,3622,3731,3478,3216,3459,3489,3586,3394,3234,3498,3749,3432,3301,3607,3586,3553,3510,3552,3330,3453,3715,3477,3321,3581,3882,3632,3356,3369,3669,3665,3444,3616,3828,3370,3494,3746,3886,3520,3671,3438,3327,3718,3651,3250,3615,3341,3584,3825,3642,3314,3351,3617,3688,2984,3027,3459,3377,3003,3286,3215,3206,3492,3333,3056,3293,3254,3183,3258,3110,3137,3402,3047,3346,3217,2979,3422,2982,3156,2981,3339,3068,3099,3225,2962,3275,3276,3156,3370,2927,3346,2957,3078,3031,3125,3090,2853,3209,3014,2897,3171,3053,3122,2917,3200,2836,3201,2919,3234,2923,3198,2952,3199,2954,2748,3121,2991,3123,2946,2955,2913,3097,3078,2977,3030,2876,3139,2982,3112,2803,3011,0,0,0,0,0,0,0,0,0,0,
3158,2964,3465,3549,3578,3243,3080,3395,3556,3625,3138,3389,3378,3490,3524,3348,3503,3694,3652,3295,3374,3560,3863,3402,3188,3527,3247,3738,3622,3698,3480,3407,3576,3727,3564,3344,3549,3396,3425,3420,3300,3589,3850,3564,3367,3671,3885,3529,3282,3721,3715,3565,3698,3435,3260,3550,3779,3415,3737,3483,3418,3729,3548,3378,3378,3623,3274,3666,3672,3361,3505,3294,3288,3489,3072,3525,3278,3288,3459,3092,3390,3274,3024,3485,3121,3156,3415,3144,3305,3311,3157,3461,3144,3141,3333,3004,3370,3065,3237,3459,3201,3378,3060,3291,3227,3075,3509,3039,3359,3145,3166,3198,3076,3387,3038,3211,3189,3267,3224,3013,2930,3276,2986,3307,2947,3365,3034,3302,2869,3342,3012,3309,3164,2949,3046,3236,2969,3338,3132,3291,3042,3268,0,2960,3328,3118,3281,3032,3260,3138,0,0,0,0,0,0,0,0,0,0,
3436,3749,3337,3031,3335,3289,3394,3362,3301,3508,3548,3670,3354,3212,3392,3473,3341,3325,3776,3681,3760,3512,3277,3512,3596,3514,3277,3285,3412,3845,3554,3228,3602,3678,3719,3418,3582,3733,3434,3580,3831,3445,3333,3545,3653,3422,3538,3626,3710,3471,3614,3721,3728,3555,3568,3769,3641,3472,3583,3215,3457,3817,3613,3477,3543,3325,3600,3896,3496,3386,3509,3423,3697,2873,3201,3405,3213,3122,3386,3222,3113,3499,3123,3264,3500,3013,3101,3226,2980,3282,3235,3086,3317,3068,3133,3354,3017,3206,3029,3435,2842,3310,2990,3111,3222,3012,3182,2994,3122,3246,2990,3251,2931,3107,3137,3048,3254,2975,3347,2929,3228,2931,2847,3136,3006,3210,2974,3234,2920,3170,2888,3177,2942,2932,3187,2921,3135,3052,3028,2907,3162,3090,2897,3055,2987,3127,3024,3074,2853,2791,0,0,0,0,0,0,0,0,0,0,
3044,3472,3301,3524,3532,3266,3362,3740,3405,3256,3346,3330,3664,3574,3470,3136,3732,3543,3267,3642,3596,3798,3461,2702,2671,3303,3330,3524,3803,3437,3403,3571,3564,3394,3454,3474,3387,3480,3604,3408,3733,3773,3645,3459,3756,3577,3417,3481,3889,3776,3539,3741,3461,3348,3801,3613,3252,3609,3418,3372,3749,3384,3494,3680,3505,3326,3627,3587,3193,3637,3326,3453,3558,3246,3318,3070,3498,3338,3245,3367,3180,3183,3548,3055,3227,3374,3039,3475,3128,3233,3261,3079,3226,3350,2996,3500,3084,3370,3147,3098,3310,2931,3394,3031,3025,3300,3167,3377,3048,3227,3151,2966,3345,3016,3292,2941,3099,3122,3109,3126,3316,3087,3343,2946,3312,2965,3356,2846,3235,3011,3200,3088,3137,2956,3085,2963,3306,3049,3264,3166,3100,0,0,2957,3300,3045,3257,3156,3098,3194,0,0,0,0,0,0,0,0,0,0,
3447,3268,3116,3393,3546,3630,3310,3364,3529,3592,3421,3538,3216,3544,3513,3568,3344,3419,3519,3927,3636,3445,3321,3371,3632,3448,3117,3379,3789,3487,3524,3314,3552,3695,3695,3264,3671,3619,3342,3805,3771,3395,3547,3637,3788,3588,3484,3678,3862,3544,3279,3633,3615,3541,5012,3819,3475,3730,3756,3489,3317,3738,3313,3581,3395,3467,3639,3757,3139,3614,3523,3459,3813,2989,3312,3522,3033,3174,3558,3182,3127,3383,3040,3361,3379,3214,3429,3178,3252,3523,3109,3198,3551,3102,3284,3133,3271,3411,3265,3254,3203,3490,3125,3189,3281,3113,3479,3056,3420,3183,3302,3310,3090,3442,3084,3367,3292,3165,3489,3195,3385,3211,3315,3285,3176,3159,3441,3380,3162,3394,3141,3409,3153,3267,3370,3207,3419,3296,3444,3131,3350,3249,3150,3458,3306,3353,3295,3403,3341,2561,0,0,0,0,0,0,0,0,0,0,
3205,3343,3495,3531,3224,3159,3395,3511,3640,3334,3145,3224,3517,3724,3353,3452,3619,3338,3417,3301,3655,3656,3568,3370,3350,3467,3316,3571,3720,3622,3393,3545,3703,3532,3511,3401,3521,3302,3786,3432,3455,3831,3687,3280,3440,3802,3578,3391,3699,3753,3452,3713,3591,3314,3508,3681,3550,3277,3749,3291,3593,3592,3348,3124,3683,3382,3373,3714,3566,3429,3692,3015,3505,3301,3148,3172,3125,3505,3097,3156,3367,3017,3031,3293,3141,3309,3406,3148,3400,3085,3255,3343,3090,3397,3132,3230,3355,3208,3463,3088,3088,3338,3031,3293,3067,3351,2917,3241,3321,3004,3262,2905,3081,3173,3123,3293,2985,3213,3009,3183,3020,2934,3041,3029,3078,2974,2873,3002,3165,3039,2995,3047,3019,3282,2988,3025,3226,3193,3114,3229,3025,2932,0,3224,3186,3111,3223,3018,2927,2405,0,0,0,0,0,0,0,0,0,0,
3476,3228,3365,3191,3380,3652,3176,3370,3624,3802,3530,3333,3323,3468,3565,3549,3416,3215,3603,3641,3423,3351,3316,3543,3867,3356,3331,3524,3661,3731,3379,3352,3612,3822,3564,3683,3556,3534,3287,3763,3563,3454,3241,3705,3681,3499,3443,3790,3860,3348,3575,3816,3546,3438,3648,3303,3671,3579,3229,3505,3691,3433,3264,3731,3414,3698,3598,3360,3689,3269,3711,3611,2972,3415,3375,3004,3450,3385,3031,3173,3286,3053,3346,3261,2937,3345,3015,3116,3262,3083,3153,3205,2951,3523,3158,3085,3160,3263,2943,3165,2960,3005,3212,3145,2776,3262,2843,3365,2937,3096,3053,2878,3098,2904,2963,2815,2989,2854,2993,3001,2870,2904,2783,2955,2851,3177,2738,2908,2901,3022,2864,2947,2825,2746,2825,2766,3033,2734,2766,2699,2738,3076,2859,3013,2766,2515,2758,2948,2927,1838,0,0,0,0,0,0,0,0,0,0,
3365,3807,3733,3875,3440,3494,3794,4031,3862,3504,3705,3530,3832,3878,3728,3521,3869,3765,3437,3933,3966,4004,3660,3659,3735,3562,3769,3917,3913,3678,3575,3714,4008,4038,3566,3797,3570,3616,3790,3635,3695,4053,3879,3748,3611,4044,3901,3868,4029,3893,3667,3619,3918,3708,3889,3961,3621,4014,3999,3490,3921,3933,3691,3518,3917,3495,3977,3977,3579,3727,3529,3567,3155,3723,3733,3472,3501,3662,3236,3813,3592,3431,3744,3363,3640,3682,3469,3715,3525,3351,3870,3222,3602,3414,3370,3521,3269,3778,3278,3505,3534,3415,3805,3510,3650,3638,3305,3682,3197,3487,3466,3359,3417,3426,3413,3192,3626,3747,3177,3460,3211,3544,3196,3512,3210,3660,3038,3525,3313,3703,3303,3463,3136,3459,3367,3413,3319,3458,3352,0,0,0,3455,3359,3408,3310,3447,3344,3284,1436,0,0,0,0,0,0,0,0,0,0,
3644,3620,3412,3781,3957,3951,3652,3501,3997,3916,3737,3571,3347,3870,3912,3933,3419,3854,3766,4040,3866,3579,3807,3962,3882,3623,3741,3683,3954,3980,3744,3693,3741,3966,3646,3699,4011,3958,3592,3968,3996,3575,3889,3945,3540,4043,3880,4101,3646,3971,4153,3707,3825,3936,3941,3621,3994,3808,3559,4095,3875,3510,3955,3920,3707,4105,3606,3848,3889,3537,4160,3953,3310,3613,3416,3388,3534,3657,3150,3645,3419,3545,3465,3350,3462,3759,3351,3524,3494,3195,3625,3262,3494,3715,3521,3584,3225,3638,3290,3367,3444,3258,3581,3164,3478,3477,3414,3408,3309,3515,3358,3344,3294,3295,3548,3310,3552,3214,3741,3080,3414,3302,3366,3296,3049,3506,3139,3464,3191,3334,3221,3301,3555,3197,3621,3191,3495,3172,3574,3260,3096,3202,3225,3291,3295,3297,3302,3216,2911,1695,0,0,0,0,0,0,0,0,0,0,
3606,3768,3889,3623,3780,3536,3632,3730,3875,3746,3419,3576,3856,3764,3479,3765,3825,3722,3757,3681,3883,3846,3840,3726,3921,3740,3552,3809,4079,3961,3653,3976,4088,3846,3629,3807,3575,3641,4043,3759,3709,4092,3964,3445,4097,4015,3925,3601,4030,3953,3916,3994,3863,3613,3986,3874,3840,3708,3627,4011,3938,4096,3582,4138,4119,3544,3911,3911,3842,3823,4071,3839,3729,3485,3567,3182,3727,3651,3377,3595,3425,3495,3835,3447,3461,3762,3196,3686,3493,3448,3708,3403,3670,3612,3393,3853,3301,3444,3637,3264,3668,3251,3661,3124,3703,3351,3553,3613,3340,3526,3175,3436,3424,3326,3681,3516,3656,3145,3485,3231,3371,3372,3323,3481,3297,3303,3332,3389,3503,3389,3628,3261,3537,3350,3347,3280,3303,3479,3443,3415,3250,3556,3292,3468,3432,3408,3243,3546,2852,2473,0,0,0,0,0,0,0,0,0,0,
3748,3525,3497,3714,3856,3946,3490,3782,3814,4072,3466,3515,3514,3700,3958,3665,3773,3589,3981,4006,3952,3644,3832,3973,3993,3755,3375,3363,3956,3884,3667,3781,3883,4026,3671,3880,4064,3841,3459,3945,3932,3803,3893,4091,3639,3752,3781,3967,3615,3868,3997,4019,3791,3937,3910,3931,3699,4034,3526,3657,3905,3805,3490,3971,4038,3849,4011,3649,3718,4023,3791,3949,3881,3103,3788,3416,3507,3706,3226,3426,3696,3440,3437,3608,2959,3401,3518,3293,3572,3442,3160,3549,3249,3624,3569,3228,3686,3156,3251,3353,3657,3337,3536,3488,3346,3749,3124,3591,3205,3375,3436,3301,3612,3174,3207,3185,3206,3329,3503,3542,3124,3468,3193,3481,3031,3367,3333,3291,3310,3443,3360,3244,3395,3552,3293,3260,3260,3325,3197,3406,3248,3290,3248,3368,3280,3486,3323,3473,3224,3066,0,0,0,0,0,0,0,0,0,0,
3429,3764,3840,3902,3273,3505,3542,3954,3752,3537,3587,3532,3801,3907,3879,3791,3966,3645,3682,3945,3979,3918,3567,3864,3900,3478,3882,4035,4065,3437,3935,3896,3992,3637,3767,3766,3506,3971,4082,3494,3900,4116,3987,3630,4099,4097,3721,3865,4078,4114,3686,3896,3917,3606,3891,3906,3704,3772,3723,3633,3746,3482,3834,3935,3979,3586,4129,3796,3740,4178,3753,3804,3648,3338,3647,3379,3675,3625,3185,3719,3236,3450,3194,3134,3599,3207,3505,3751,3233,3646,3377,3359,3521,3162,3468,3309,3342,3622,3313,3671,3456,3378,3554,3364,3657,3183,3472,3253,3102,3455,3188,3416,3030,3346,3334,3328,3587,3113,3499,3223,3230,3462,3184,3316,3214,3264,3278,3380,3312,3199,3215,3335,3283,3263,3166,3336,3242,3391,3336,3607,3165,3396,0,3239,3385,3335,3598,3157,3392,3174,0,0,0,0,0,0,0,0,0,0,
3729,3409,3482,3623,3950,3920,3570,3590,3911,3993,3840,3394,3722,3929,3930,3695,3345,3751,3928,4120,3710,3800,3730,4081,3864,3544,3723,3847,3911,3767,3730,3608,4004,4013,3691,3973,3943,3559,3669,3880,3601,3914,3784,4040,3839,3761,3977,4027,3866,3780,4017,3941,3910,3752,4026,3708,3797,3949,3746,3890,3916,3661,3969,3943,3937,3738,3740,3868,4002,3980,4147,3767,3364,3794,3524,3901,3577,3247,3696,3192,3575,3655,3476,3264,3744,3287,3480,3524,3201,3499,3328,3401,3706,3208,3620,3480,3290,3183,3617,3453,3243,3480,3238,3336,3244,3313,3549,3263,3627,3281,3307,3473,3262,3416,3093,3404,3395,3520,3302,3260,3520,3146,3395,3164,3220,3112,3577,3170,3548,3058,3354,3170,3110,3448,3052,3502,3190,3325,3162,3523,3493,3018,3431,3055,3611,3241,3359,3063,3045,3537,0,0,0,0,0,0,0,0,0,0,
3682,3649,3792,3453,3530,3268,3718,3830,3815,3602,3442,3861,3997,3931,3620,3701,3871,3634,3678,3708,3941,3872,3819,3789,3969,3649,3886,4023,3918,3751,3824,4056,4162,3809,3586,3972,3658,3914,4101,3721,4037,4077,3510,4044,3934,4075,3696,4160,4115,3932,3646,4035,3636,3783,3946,4070,3406,4043,3877,3705,3754,3595,4118,4038,3654,3931,3882,3629,3773,3909,3409,3610,3469,3422,3637,3637,3363,3349,3617,3416,3386,3808,3418,3333,3570,3138,3631,3397,3405,3670,3218,3487,3613,3238,3739,3287,3455,3570,3270,3541,3140,3495,3407,3235,3730,3333,3538,3448,3240,3406,3202,3564,3318,3404,3239,3311,3157,3209,3294,3150,3014,3324,3145,3623,3138,3500,3056,3258,3107,3496,3069,3293,3274,3518,3211,3598,3134,3477,3020,3531,3164,3225,3126,3474,3008,3524,3152,3219,3150,3221,0,0,0,0,0,0,0,0,0,0,
3430,3528,3295,3484,3881,3774,3444,3712,3982,3988,3712,3595,3588,3872,3898,3792,3616,3583,3998,4107,3987,3570,3952,3901,3309,3560,3638,3896,3966,3775,3492,3870,4040,3948,3827,4095,3808,3828,3583,3938,3838,3710,4041,4038,3864,3773,4163,3311,3825,3763,4066,3993,3712,4143,3960,3915,3957,3598,3856,3882,3829,3630,3971,3933,3484,4048,3753,3763,4070,3534,3959,3793,3567,3573,3293,3532,3688,3336,3164,3620,3476,3641,3277,3129,3541,3319,3314,3620,3517,3128,3600,3259,3484,3407,3357,3586,3286,3342,3181,3512,3413,3320,3447,3001,3547,3149,3236,3250,3204,3470,3183,3448,3215,3320,3539,3190,3512,3257,3589,3114,3483,3177,3355,3377,3247,3442,3119,3545,3064,3419,3004,3558,3059,3065,3430,3138,3506,2865,3407,3040,3575,3426,3031,3419,2886,3510,3202,3321,3256,3400,0,0,0,0,0,0,0,0,0,0,
3630,3806,3858,3598,3411,3740,3737,3914,3781,3674,3515,3900,3899,3695,3717,3901,3905,3667,3725,3970,4078,4046,3853,3921,4006,3823,3800,3998,3840,3617,3869,4181,3974,3585,3900,3867,3961,4377,3957,3721,4335,4060,3703,3909,3887,3587,3974,4051,4007,3631,4160,3675,3553,4027,3878,3664,4053,4084,3775,4094,3477,3719,3966,4068,3563,4135,3826,3795,3929,4095,3580,3401,3376,3830,3363,3524,3554,3048,3803,3189,3327,3631,3304,3504,3523,3329,3768,3440,3417,3535,3364,3671,3264,3358,3533,3486,3309,3683,3116,3503,3196,3529,3156,3451,3450,3390,3576,3215,3545,3195,3332,3256,3144,3690,3321,3676,3204,3462,3370,3325,3251,3505,3209,3544,3120,3596,3223,3557,3269,3648,3287,3373,3200,3583,3273,3492,3243,3356,3393,3173,3324,3152,0,3234,3350,3383,3163,3317,3147,3065,0,0,0,0,0,0,0,0,0,0,
3675,3484,3587,3568,3900,3785,3648,3745,4136,3976,3792,3557,3805,3897,3788,3662,3343,3779,4197,4016,3465,3949,4092,3943,3883,3861,3623,4061,4057,3745,4009,3740,3956,3724,3618,4039,3810,3775,3831,3826,3984,4003,4007,3901,3615,4190,3916,4126,3704,3971,3793,3842,3970,4162,3746,3669,4016,3744,3866,4061,3739,4108,3910,4033,3503,3617,3781,3867,3979,3720,4006,3594,4010,3544,3393,3396,3612,3243,3612,3460,3448,3533,3637,3209,3669,3428,3329,3459,3235,3460,3667,3351,3688,3460,3301,3518,3156,3520,3415,3706,3255,3411,3228,3193,3522,3165,3515,3163,3460,3470,3200,3508,3263,3371,3200,3330,3408,3229,3538,3167,3524,3135,3379,3286,3270,3332,3337,3496,3264,3190,3337,3366,3360,3097,3274,3079,3425,3114,3145,3100,3258,3176,3138,3221,3281,3297,3274,3129,3475,3225,0,0,0,0,0,0,0,0,0,0,
3687,3816,4055,3512,3511,3479,3833,3871,3616,3568,3547,3937,4013,3819,3511,3837,3642,3738,3672,4076,3986,3581,3905,3932,4172,3816,4107,3848,3768,3732,4097,3874,3568,3733,4120,4083,3799,4107,3501,3899,4116,3698,3885,4174,3760,3811,4040,3944,3722,3833,4131,3436,3825,4000,3960,3543,3915,3859,3978,4053,3573,3665,3917,3769,3980,4113,3858,3563,4006,3778,3904,3544,3346,3754,3380,3589,3253,3432,3725,3463,3591,3469,3187,3708,3347,3449,3870,3205,3739,3538,3237,3670,3253,3536,3494,3462,3619,3313,3555,3531,3207,3526,3334,3714,3112,3276,3440,3321,3630,3136,3674,3078,3257,3324,3189,3299,3349,3540,3248,3493,3309,3245,3383,3174,3124,3151,3321,3312,3417,3264,3281,3207,3268,3287,3184,3255,3301,3203,3233,3142,3337,2881,0,3295,3190,3225,3131,3327,2876,3247,0,0,0,0,0,0,0,0,0,0,
3532,3261,3437,3640,3769,3813,3498,3738,4102,4005,3606,3812,3577,3866,3949,3793,3515,3794,3961,3637,3820,3734,3984,3791,3899,3722,4034,3919,3855,3558,3767,3960,3752,3728,3810,3809,3854,3739,3980,3946,3779,4214,3798,3778,3798,4200,3992,3627,4086,4122,3971,3491,4148,3947,3984,3657,4234,3908,3909,4028,3581,3898,4006,3723,3875,4013,3466,4169,3906,3946,4008,3619,4239,3318,3245,3584,3651,3261,3729,3382,3232,3590,3359,3532,3714,3192,3385,3522,3191,3199,3486,3258,3618,3338,3429,3672,3187,3728,3352,3578,3192,3425,3076,3389,3300,3255,3688,3270,3462,3209,3408,3460,3247,3312,3141,3536,3158,3294,3393,3254,3387,3122,3406,3067,3383,2985,3436,3175,3433,3137,3308,3200,3389,3272,3132,3316,3191,3213,3080,3316,3085,2925,3365,3041,3455,2984,3607,3181,3326,3133,0,0,0,0,0,0,0,0,0,0,
3608,3678,3928,3604,2954,3587,3647,3930,3584,3890,3718,3884,3743,3561,3595,4032,3742,3660,4062,4122,3941,3692,3923,4160,4041,4007,3999,3931,3573,3842,3946,4088,3535,3800,4232,4054,3903,4048,3868,3935,3878,4002,3837,4068,3672,3893,3877,4076,3750,3774,4035,3746,3949,4003,3910,4035,4101,4039,3862,3763,3750,4023,3565,4004,3929,3499,3706,4026,3662,3647,3309,3541,3649,3162,3602,3258,3534,3497,3364,3578,3440,3318,3830,3254,3470,3551,3298,3562,3424,3547,3677,3212,3614,3507,3409,3702,3263,3442,3133,3412,3368,3307,3763,3240,3787,3527,3488,3307,3131,3531,3175,3480,3401,3297,3362,3179,3362,3117,3409,3400,3214,3546,3276,3490,3113,3374,3135,3371,3154,3399,2979,3319,3114,3223,3159,3581,3123,3623,3267,3375,3125,0,0,3576,3120,3612,3261,3368,3118,3399,0,0,0,0,0,0,0,0,0,0,
3670,3499,3675,3993,3841,3568,3622,4107,4110,3823,3797,3641,3870,3968,3874,3406,3744,3986,3932,3704,3704,3949,3969,3969,3742,3922,3945,4046,3749,3853,3849,4113,3954,3665,3723,3826,3566,3825,3939,3634,3926,3942,4043,3560,4011,4109,3969,3717,3968,4289,3813,3782,4137,4012,3475,4093,4100,3448,3928,3812,3849,3886,4357,3340,3899,3757,3821,4117,4003,3607,3718,3750,3699,3185,3206,3660,3291,3405,3653,3385,3260,3686,3154,3619,3508,3303,3504,3471,3328,3527,3349,3477,3407,3415,3591,3295,3358,3705,3618,3394,3247,3406,3141,3612,3229,3420,3534,3183,3390,3174,3512,3287,3324,3376,3190,3545,3227,3537,3384,3288,3205,3063,3303,3180,3303,3172,3510,3193,3436,3038,3391,3089,3573,3428,3094,3378,3084,3449,3133,3358,3087,2986,3414,3113,3533,3150,3461,3171,3235,2664,0,0,0,0,0,0,0,0,0,0,
3729,3936,3712,3350,3430,3723,3757,3682,3619,3578,4037,4162,3789,3553,3676,4030,3564,3863,3942,3916,3859,3883,3789,4055,3978,4121,4149,3811,3906,3971,4133,3901,3965,3653,4014,3741,3988,3835,3776,4136,3915,3731,3819,4173,4015,3718,4139,3955,3873,3577,4076,3753,3922,3983,3623,4007,4071,3644,4193,4060,3737,4068,3980,3761,4073,3968,3448,4060,3751,3878,3795,3346,3808,3471,3372,3669,3360,3841,3396,3080,3755,3251,3508,3720,3289,3629,3524,3399,3585,3276,3593,3546,3307,3683,3308,3467,3523,3171,3751,3158,3663,3273,3446,3502,3160,3530,3184,3513,3131,3485,3367,3174,3553,3268,3574,2954,3628,3185,3314,3383,3440,3175,3605,3142,3398,3115,3485,3108,3558,3080,3609,3142,3573,3058,3647,3144,3415,3259,3442,3447,3143,3463,0,3412,3254,3430,3438,3137,3451,2644,0,0,0,0,0,0,0,0,0,0,
3275,3545,3526,3930,3851,3621,3384,4039,3769,3699,3521,3813,3968,3933,3684,3742,3789,4010,3943,3901,3737,4129,3983,3681,3780,3570,3954,3925,3884,3581,4126,3985,4006,3626,3972,3782,3621,3819,4021,3780,3906,4042,3547,3896,3852,4018,3536,3789,3910,4066,3588,4012,3842,3778,3807,4082,3764,4103,3840,3772,4154,3756,4009,3846,3551,4142,3997,3728,3522,3506,3957,4068,3222,3477,3734,3348,3478,3610,3210,3281,3681,3585,3702,3409,3315,3698,3228,3323,3672,3303,3489,3537,3199,3731,3222,3511,3377,3565,3246,3327,3421,3320,3626,3149,3480,3311,3383,3452,3276,3437,3157,3310,3223,3371,3402,3046,3631,3153,3624,3157,3399,3267,3235,3265,3156,3302,3091,3443,3213,3417,3156,3487,3412,3057,3414,3332,3400,3128,3156,3117,3324,3168,3291,3058,3386,3220,3294,3093,3071,1849,0,0,0,0,0,0,0,0,0,0,
3951,3961,3666,3498,3500,3796,3891,3705,3430,3741,3814,4025,3877,3724,3642,4073,3694,3638,3992,4134,3991,3430,4050,3995,4033,3816,4032,3723,3883,4089,4079,4008,3517,3955,4071,4149,3882,3788,3487,3965,3952,3539,4195,4182,3808,3690,4102,3952,3651,4093,4079,3647,4173,3992,4082,3810,4154,3742,4050,3857,3598,4146,3737,3638,4004,3766,3647,4063,3933,3547,3908,3506,3892,3525,3160,3399,3394,3883,3535,3513,3541,3254,3805,3498,3540,3745,3499,3477,3785,3219,3721,3293,3327,3427,3274,3405,3211,3305,3174,3461,3381,3276,3680,3377,3470,3326,3174,3624,3124,3445,3091,3218,3346,3276,3514,3274,3432,3231,3320,3304,3302,3254,3332,3503,3193,3379,3184,3426,3222,3339,3110,3266,3433,3357,3094,3425,3189,3447,3133,3529,3238,3339,3179,3439,3125,3524,3231,3329,3250,1446,0,0,0,0,0,0,0,0,0,0,
3481,3381,3791,4019,3912,3346,3516,4060,3986,3639,3564,3474,3876,3861,3707,3447,4093,4051,4144,3605,3789,4063,4038,3619,3472,3777,4108,4067,3672,3853,4134,4171,3634,3887,3787,3638,3964,3804,4039,3766,3925,4105,4012,3825,4138,4078,3947,3614,4042,4086,3767,4028,3880,3621,3559,3852,4258,3995,4060,3859,3758,4252,3766,3724,3917,3641,3981,4089,3681,4018,3688,3979,4061,3143,3713,3553,3396,3539,3523,3112,3747,3261,3462,3690,3429,3273,3666,3258,3701,3519,3466,3612,3269,3456,3580,3328,3473,3228,3413,3081,3539,3329,3423,3464,3297,3542,2961,3433,3277,3223,3281,3089,3501,3108,3427,3061,3177,3322,3407,3334,3166,3304,3261,3390,3121,3400,2980,3406,3157,3381,3153,3234,3169,3200,3235,3059,3231,3104,3285,2983,3373,3301,3063,3192,3162,3349,3203,3325,3106,1944,0,0,0,0,0,0,0,0,0,0,
3790,3739,3590,3524,3461,3745,3905,3456,3609,3502,3780,3915,3920,3505,3897,4038,3761,3652,4129,4182,3826,3700,3771,4035,3677,3962,3855,3817,3747,4266,4207,3985,3715,3990,4274,3926,4039,3695,3748,3957,3653,3802,3962,4101,3611,4022,4043,4106,3484,4156,3916,3879,4224,3990,4008,4153,4078,3881,4082,3552,3967,4107,3848,3981,4156,3756,3771,3999,3820,3612,3882,3472,3738,3357,3229,3065,3535,3550,3348,3665,3411,3389,3802,3433,3532,3604,3223,3706,3338,3462,3752,3327,3524,3329,3168,3598,3121,3430,3179,3270,3498,3313,3664,3244,3560,3048,3472,3308,3366,3534,3237,3605,3067,3470,3208,3426,3280,3317,3457,3170,3246,3404,3256,3501,3084,3317,3175,3632,3157,3432,3314,3632,3167,3364,3111,3350,3094,3226,3244,3313,3356,3193,0,3090,3216,3236,3303,3349,3190,2568,0,0,0,0,0,0,0,0,0,0,
3329,3407,3671,3705,3830,3750,3812,4044,4054,3517,3573,3866,4143,3980,3699,3670,3669,4080,3751,3811,3577,4123,4007,3829,3542,3974,4077,3899,3735,3627,3950,4091,3809,3864,4213,3921,3667,4078,4008,3595,4204,4017,3901,3666,4043,3841,3754,3887,4170,3861,3693,3961,4104,3907,3672,3967,3748,4258,4130,3878,4035,4083,3854,3520,3900,3890,3981,3997,3687,4024,3798,3966,3965,3121,3657,3366,3317,3636,3373,3349,3776,3435,3644,3634,3245,3422,3422,3418,3716,3481,3246,3679,3214,3481,3461,3507,3728,3295,3310,3430,3416,3043,3512,3090,3316,3392,3300,3420,3280,3479,3237,3293,3306,3251,3403,3173,3408,3143,3628,3344,3474,3379,3396,3115,3149,2999,3092,3143,3163,3266,3146,3305,3137,3079,3438,3094,3322,3079,3391,3138,3302,3180,3090,3276,3228,3051,3421,3077,3275,2795,0,0,0,0,0,0,0,0,0,0,
3779,3875,3884,3482,3586,3902,3979,3666,3525,3650,3742,3931,3509,3729,3464,3811,3452,3853,3891,4079,3601,3683,3924,4071,3813,4056,4020,3814,4010,4048,4169,3703,4089,3908,4140,3635,4042,3716,3780,3866,3851,3833,4135,4056,3934,4056,4101,3830,3953,4088,3962,3998,3948,3714,3880,4212,3938,3946,4033,3541,4042,3894,3716,3894,3909,3901,3694,3875,3367,3852,3828,3476,3621,3306,3685,3340,3672,3374,3223,3537,3336,3437,3564,3354,3546,3469,3449,3706,3018,3570,3386,3335,3630,3396,3381,3427,3308,3450,3174,3473,3236,3399,3271,3281,3475,3308,3396,3379,3367,3329,3167,3395,3224,3659,3181,3699,3233,3458,3255,3381,3274,3287,3082,3372,3079,3267,3007,3386,3083,3558,3135,3321,3116,3438,3114,3154,3297,3194,3496,3127,3630,3111,0,3291,3188,3490,3120,3624,3105,3273,0,0,0,0,0,0,0,0,0,0,
3471,3365,3610,3876,3924,3543,3697,3945,3806,3757,3541,3755,3788,3987,3642,3727,3735,4074,3994,3681,3745,3989,3999,3693,3712,3658,3922,3759,3831,3719,4075,3987,3766,3736,4231,3878,3936,3918,3985,3841,3999,4010,3669,3826,4071,4119,3616,3975,4097,3833,3735,4008,3965,3696,3786,3995,3633,4006,4087,3827,4228,4159,3544,3759,4073,3694,4034,3821,3848,4019,3633,4078,3685,3178,3770,3453,3396,3632,3169,3484,3546,3418,3586,3296,3381,3599,3205,3625,3530,3255,3651,3530,3439,3633,3131,3356,3352,3235,3260,3249,3400,2916,3198,3146,3543,3149,3319,3267,3318,3243,3118,3431,3089,3379,3257,3178,3538,3147,3650,3259,3349,3150,3452,3198,3229,3155,3207,3343,3083,3124,3135,3282,3151,3151,3273,3174,3399,3202,3175,3199,3156,2961,3211,3076,3535,3127,3422,3047,3511,3087,0,0,0,0,0,0,0,0,0,0,
3849,3660,3675,3696,3365,3831,4003,3767,3579,3612,3886,4027,3728,3362,3820,3963,3599,3780,3937,3736,3531,3962,4027,3844,3978,3791,3749,3783,4061,3895,3995,3767,4255,4150,3851,3966,3773,3666,3757,3655,3751,4240,3868,3949,3892,4135,3733,3811,4061,3751,4022,4005,3624,4099,4306,4171,3741,3850,3794,3980,4044,3614,4097,4046,3939,3835,4127,3664,3862,3665,3626,3535,3146,3633,3433,3602,3387,3557,3720,3352,3799,3390,3505,3621,3330,3542,3650,3408,3804,3245,3346,3624,3236,3486,3439,3350,3315,3357,3786,3372,3563,2541,3341,3435,3235,3486,3177,3568,3321,3447,3336,3306,3670,3365,3628,3209,3521,3294,3431,3388,3326,3248,3227,3391,3235,3285,3002,3250,3327,3230,3268,3336,3309,3210,3204,3632,3145,3585,3090,3401,3235,0,0,3629,3141,3579,3083,3391,3227,3191,0,0,0,0,0,0,0,0,0,0,
3631,3525,3752,3895,3806,3882,3885,3907,3971,3644,3864,3820,4064,3943,3586,3500,3912,3919,3810,3565,3678,3908,3989,3691,3418,4000,4035,3120,3610,3884,3998,3900,3612,4062,3995,3684,4046,4047,4027,4003,4083,3893,3673,4030,3956,3859,3990,4100,4034,3621,3921,4083,4160,3703,3994,3961,3893,4098,3871,3905,4127,4264,3726,4224,3981,3792,3848,3562,4108,3869,3978,4063,3599,3143,3150,3283,3648,3532,3231,3721,3303,3368,3623,3274,3532,3635,3260,3768,3445,3183,3577,3148,3388,3341,3334,3857,3566,3152,3101,3515,3080,3295,3268,3147,3690,3218,2781,3249,3354,3024,3361,3082,3462,3117,3354,3286,3230,3483,3052,3566,3210,3576,3141,3529,3048,3455,3197,3448,3128,3286,3211,3312,3343,3286,3315,3163,3392,3127,3371,3235,3134,3583,3135,3460,3162,3509,3186,3320,3310,3278,0,0,0,0,0,0,0,0,0,0,
3944,3884,3609,3379,3731,3663,3965,3619,3727,3625,4188,4015,3754,3616,3552,3808,3407,3969,3943,3785,3529,3913,3930,4048,3534,4038,3722,3896,3791,4230,3797,3670,3999,4072,4134,3700,3884,3620,3925,3773,3592,4107,4111,4232,3824,3967,3886,3839,3797,3985,3677,4043,4032,3514,4040,3934,3777,3986,3641,3908,3983,3839,3830,4071,3681,3826,3956,3625,3760,3925,3649,3690,3344,3699,3810,3458,3445,3450,3629,3336,3498,3811,3386,3488,3637,3306,3614,3271,3386,3646,3344,3511,3365,3217,3470,3149,3433,3255,3101,3402,3331,3734,3193,3504,3274,3388,3518,3179,3639,3077,3353,3124,3424,3388,3168,3488,3207,3251,3141,3517,3482,3166,3450,3090,3444,3015,3320,3058,3359,3040,3379,2982,3345,2865,3325,3121,3456,3315,3398,3271,3282,3186,3450,3312,3395,3269,3278,3182,3134,3113,0,0,0,0,0,0,0,0,0,0,
3388,3588,3647,3933,3841,3622,3524,4230,3997,4014,3506,3939,3906,4113,3508,3710,3749,3924,3706,3591,3709,4208,3908,3583,3639,4044,3883,3638,3590,3935,4028,3809,3772,3962,3979,3775,3823,4016,3938,3784,4058,3766,3853,3907,4188,3728,4075,4124,4085,3631,4022,4112,3740,3723,4177,3681,3658,4076,3738,3926,4083,3536,3968,4192,4030,3990,3794,3719,4072,4033,4204,3718,3872,3638,3450,3271,3633,3449,3191,3546,3443,3373,3615,3410,3526,3387,3284,3525,3303,3405,3454,3126,3611,3298,3326,3602,3241,3372,3188,3392,3054,3526,3239,3184,3285,3309,3363,3376,3410,3234,3215,3172,3138,3444,3057,3334,3255,3320,3107,3261,3325,3164,3399,3121,3501,3023,3309,2989,3343,3044,3369,3137,3433,3202,3241,3406,3286,3394,3127,3219,2947,3025,3173,3173,2951,3184,3057,3402,2975,3511,0,0,0,0,0,0,0,0,0,0,
3910,3905,3746,3809,3421,3853,3795,3949,3565,3765,3890,4178,3800,3672,3657,3883,3542,3726,3948,3792,3719,3700,4119,3951,3603,3947,3858,3587,4117,3813,3999,3776,4030,4007,3868,3785,3765,3735,4081,3782,3675,4143,4118,3831,3923,4090,3829,3846,4109,3861,3713,4086,3565,4034,4083,3842,3694,4205,3960,3961,3982,3483,4061,4102,3867,3854,4093,3696,3872,3985,3721,3622,3377,3832,3422,3621,3574,3340,3714,3455,3569,3705,3284,3669,3537,3242,3598,3211,3387,3136,3257,3527,3288,3398,3140,3220,3302,3175,3500,3220,3423,3206,3332,3589,3173,3332,3412,3254,3522,3104,3510,3123,3449,3283,3233,3158,3347,3325,3293,3233,3352,3238,3439,3291,3448,3192,3327,3198,3363,3232,3361,3125,3341,3181,3342,3163,3148,3254,3102,3410,3114,3289,0,3143,3245,3093,3403,3108,3283,3227,0,0,0,0,0,0,0,0,0,0,
3796,3519,3943,3957,4007,3484,3740,4138,4004,3627,3608,3860,4018,3839,3688,3473,4005,3937,3884,3403,4017,3930,3507,3941,3842,3972,3559,3768,3931,3994,3656,3885,3906,4032,3603,4080,3879,3677,3878,4103,3971,3872,3987,3896,4018,4260,4138,4016,4101,4160,3669,4060,4113,3877,3738,3989,3997,4007,4228,3654,4270,3895,3869,4106,3737,3762,3969,3760,3998,3704,3810,3521,3242,3464,3818,3316,3462,3521,3319,3534,3440,3280,3871,3173,3433,3649,3266,3719,3498,3196,3711,3375,3455,3432,3294,3462,3346,3433,3177,3685,3074,3575,3135,3214,3350,3225,3419,3234,3372,3278,3347,3392,3121,3494,3173,3551,3026,3451,3093,3328,3111,3164,3205,3298,3251,2903,3265,3190,3289,3158,3293,3204,3104,3265,3172,3251,3286,3247,3166,3227,3271,3159,3366,3145,3388,3128,3133,3374,3116,3310,0,0,0,0,0,0,0,0,0,0,
3873,3913,3948,3424,3668,3698,3928,3710,3728,3462,4023,3836,3750,3508,3904,3874,3697,3863,3923,3583,3743,3841,4018,3970,3582,3924,3514,3873,4143,4055,3618,4033,4093,4056,3758,4032,3621,3855,4065,3618,4062,4116,4128,3919,4065,3751,3815,4167,3923,3849,4264,3653,3825,3928,3808,3928,4167,3753,4120,3831,3794,4159,3863,3682,3861,3859,3689,4025,3923,3507,3426,3513,3591,3504,3516,3277,3485,3713,3338,3643,3711,3330,3589,3298,3506,3542,3351,3851,3432,3472,3466,3103,3525,3257,3452,3541,3445,3730,2957,3536,3341,3399,3422,3257,3312,3169,3649,3167,3228,3361,3254,3365,3184,3561,3182,3541,3253,3173,3296,3295,3313,3218,3327,3011,3176,3237,3134,3259,3298,3263,3300,3248,3296,2878,3355,2987,3352,3121,3516,3150,3422,3347,3115,3511,3147,3417,3464,3093,3367,3134,0,0,0,0,0,0,0,0,0,0,
3462,3676,3758,3841,3580,3556,3929,4066,3896,3760,3773,4045,4053,3904,3516,3814,3984,3895,3553,3870,3876,3734,3711,3509,3608,3937,3556,3724,3478,3824,3842,3683,3735,4114,3919,3785,4177,4146,3610,4120,3972,3656,3929,4255,3846,3652,4046,4079,3682,3779,3925,3874,3518,3941,4034,3569,3893,4041,3763,3954,3940,3963,3962,3997,3531,3939,3891,3846,4043,3553,3950,3928,3790,3293,3252,3270,3421,3156,3390,3425,3115,3635,3230,3294,3785,3324,3433,3144,3172,3497,3256,3235,3431,3302,3414,3313,3101,3225,3431,3137,3214,3487,3213,3571,3187,3195,3178,3253,3207,2934,3425,2979,3262,3191,3336,3265,3018,3422,2983,3440,3125,3153,2948,3230,3135,3197,3204,3192,3117,3180,2796,3157,3211,3066,2973,3151,3279,2985,3192,2954,3363,3282,3027,3233,2942,3207,3029,3264,2853,2808,0,0,0,0,0,0,0,0,0,0,
0,0,0,0,0,0,0,0,0,0,0,0,0,0,0,0,0,0,0,0,0,0,0,0,0,0,0,0,0,0,0,0,0,0,0,0,0,0,0,0,0,0,0,0,0,0,0,0,0,0,0,0,0,0,0,0,0,0,0,0,0,0,0,0,0,0,0,0,0,0,0,0,0,0,0,0,0,0,0,0,0,0,0,0,0,0,0,0,0,0,0,0,0,0,0,0,0,0,0,0,0,0,0,0,0,0,0,0,0,0,0,0,0,0,0,0,0,0,0,0,0,0,0,0,0,0,0,0,0,0,0,0,0,0,0,0,0,0,0,0,0,0,0,0,0,0,0,0,0,2643,0,0,0,0,0,0,0,0,0,0,
