1362,1401,1279,1426,1387,1255,1424,1402,1288,1381,1400,1270,1317,1364,1477,0,1412,1416,1210,1383,1445,1222,1355,1398,1256,1276,1369,1238,0,1346,950,1035,1353,1264,1234,1358,1307,1266,1397,1358,0,1378,1265,1205,1374,0,1180,1348,1261,1215,1364,1258,1261,1389,1190,1277,1347,1250,0,1337,1187,1343,1316,1240,1351,1258,0,1309,1257,1246,1336,1196,1305,1346,1171,1251,1297,1220,1316,1093,0,1113,1044,994,974,0,1038,1072,1001,1065,981,1001,1098,989,1025,960,1079,1022,952,1039,992,1051,993,982,966,929,915,952,937,905,928,957,972,941,967,985,977,980,943,972,937,950,944,0,0,911,1006,840,960,911,983,861,911,1052,914,872,941,949,898,900,913,923,833,948,909,965,858,860,936,0,0,921,1110,0,862,860,865,916,864,900,
1341,1334,1436,1318,1246,1435,1396,1261,1353,1393,1309,1387,1357,1294,1366,1369,1315,1348,1408,1354,1320,1413,1312,1322,1399,1273,1219,1295,1252,1210,1324,1197,1235,1361,1337,1234,1,1306,1318,1313,1318,0,1327,1338,1254,1297,1350,1258,1389,1287,1235,1390,1296,1229,1409,1323,1207,1367,1255,1211,0,1214,1231,1358,1212,1319,1294,1194,1315,0,1189,0,1246,1216,1298,1181,1260,1269,1150,1195,986,977,1048,954,1083,1015,1024,1049,968,1068,1042,991,1056,988,991,1045,949,997,988,976,1021,983,1003,1026,0,983,994,965,967,947,1018,980,936,952,933,983,881,963,942,916,1001,908,946,0,0,912,885,928,946,897,920,888,936,876,924,920,864,855,921,857,913,914,0,889,952,930,898,900,895,883,825,0,842,883,922,872,880,904,919,881,
1437,1284,1316,1415,1393,1266,1387,1406,1221,1379,1422,1229,1365,1391,1217,0,1374,1264,1318,1374,1324,1309,1379,1355,1222,1334,1373,1189,0,1367,1233,1289,1399,1207,1361,1366,1174,1324,1372,1226,0,1324,1187,1308,1255,0,1271,1316,1269,1361,1376,1277,1330,1397,1323,1366,1334,1174,0,1298,1208,1404,1327,1249,1406,1260,0,1383,1224,1279,1342,1196,1361,1184,1236,1282,1126,1276,1214,1119,0,1053,1031,1094,1011,0,1011,988,1106,992,1044,1049,974,1006,1032,1001,1058,989,1040,1015,917,1007,987,972,943,929,1012,990,956,983,976,980,947,986,974,1013,1033,869,1056,991,940,853,946,0,0,900,943,891,860,966,949,913,925,1022,900,954,934,899,907,920,953,881,903,929,920,908,922,910,897,0,0,944,1071,0,912,944,948,890,951,932,
1218,1408,1312,1328,1366,1417,1496,0,1429,1372,1322,1444,1365,1248,1437,1273,1203,1409,1303,1295,1398,1375,1281,1424,1339,1244,1361,1383,1271,1291,1395,1297,1259,1403,1255,1227,0,1211,1289,1344,1212,0,1372,1174,1273,1345,1194,1342,1362,1205,1314,1373,1244,1330,1322,1272,1342,1341,1251,1297,1,1279,1322,1224,1378,1272,1264,1361,1251,0,1357,0,1329,1319,1205,1318,1212,1243,1313,1188,992,1066,1010,1043,1008,999,1011,1045,1010,1071,1042,1004,1016,985,1035,1007,1009,1015,962,1057,984,1006,995,1006,0,1012,971,992,935,1020,1017,963,968,958,999,961,949,972,909,994,924,954,940,0,0,914,937,917,933,923,896,909,947,945,911,849,942,893,968,918,900,955,0,899,931,922,925,922,924,915,896,0,911,868,955,879,910,904,895,917,
1397,1270,1255,1352,1221,1280,1375,1277,1343,1390,1315,1302,1341,1373,1263,0,1402,1233,1293,1293,1252,1358,1382,1201,1308,1388,1292,1300,0,1265,1347,1365,1268,1313,1392,1301,1259,1398,1263,1204,0,1243,1187,1374,1246,0,1403,1290,1239,1350,1217,1393,1364,1179,1363,1279,1269,1382,0,1267,1357,1229,1351,1382,1186,1401,0,1229,1378,1302,1259,1331,1222,1256,1341,1174,1295,1276,1117,1227,0,1051,1109,1051,988,0,988,1065,1050,1038,1110,1023,1067,1026,994,1025,1029,1038,1030,951,1016,961,985,1002,992,996,947,926,988,912,1012,997,943,1013,1003,1016,954,961,1019,968,967,914,945,0,0,946,955,913,963,1007,973,904,972,1038,970,947,863,941,901,965,938,954,929,916,894,961,953,852,908,0,0,924,1082,0,919,912,896,912,880,927,
1273,1444,1390,1289,1331,1324,1343,1419,1365,1277,1409,1383,1345,1379,1368,1297,1321,1396,1329,1282,1393,1284,1285,1475,1290,1240,1370,1266,1282,1383,1331,1286,1405,1265,1315,1363,0,1236,1358,1214,1374,0,1293,1344,1347,1269,1270,1404,1322,1391,1381,1263,1371,1333,1292,1393,1316,1173,1352,1339,0,1406,1321,1322,1351,1235,1199,1377,1177,0,1294,0,1387,1198,1249,1335,1196,1218,1264,1087,1091,1025,1006,1085,983,1034,1060,977,1083,1027,1027,1085,942,1083,1011,965,1035,1026,961,983,939,1009,987,939,0,940,979,1006,979,982,953,1002,1007,981,957,943,992,921,972,908,964,945,904,0,0,893,961,918,932,911,938,981,887,944,959,928,985,926,934,941,923,959,0,966,931,934,919,846,878,878,922,0,892,921,834,896,918,910,930,902,
1229,1343,1415,1442,1307,1365,1378,1222,1399,1421,1234,1351,1374,1233,1283,0,1277,1311,1369,1252,1295,1400,1330,1295,1365,1348,1203,1388,0,1272,1455,1319,1302,1240,1292,1378,1394,1249,1362,1416,0,1377,1366,1159,1320,0,1186,1334,1357,1263,1307,1372,1278,1388,1357,1326,1385,1373,0,1342,1277,1243,1405,1284,1333,1380,0,1306,1345,1327,1372,1311,1237,1393,1312,1235,1321,1181,1264,1280,0,1093,1060,1084,1122,0,1064,1054,994,1105,1033,1001,1148,1025,1058,1019,962,1082,1016,970,988,904,1026,972,997,1003,985,1020,958,973,983,961,993,966,976,995,957,964,937,945,975,905,0,0,0,951,963,1008,926,988,962,950,971,1052,978,931,1008,916,989,940,959,977,910,1004,940,985,963,962,986,0,0,899,1192,0,934,940,924,908,949,947,
1369,1326,1269,1337,1373,896,1479,1399,1358,1304,1445,1400,1260,1439,1337,1179,1380,1278,1436,1407,1254,1422,1401,1255,1332,1389,1198,1283,1399,1279,1378,1334,1343,1323,1404,1357,0,1366,1302,1155,1424,0,1347,1362,1292,1272,1329,1214,1263,1388,1199,1423,1341,1183,1358,1385,1239,1364,1317,1256,0,1282,1259,1311,1243,1320,1338,1203,1291,0,1211,0,1346,1250,1339,1241,1269,1342,1178,1248,1084,1036,1098,1056,947,1127,1018,1027,1061,997,1032,1028,1004,1027,1015,968,1039,987,1014,964,969,959,961,1008,0,1010,955,887,983,919,985,984,967,974,938,1025,984,917,1017,925,939,985,940,0,0,948,961,934,942,956,995,924,958,899,968,956,916,950,918,981,931,935,0,923,971,905,955,927,898,908,894,0,933,944,921,936,942,904,923,922,
1224,1339,1379,1259,1314,1380,1317,1384,1340,1303,1425,1418,1306,1402,1399,0,1301,1391,1329,1247,1409,1350,1277,1404,1322,1212,1361,1214,0,1360,1296,1251,1411,1392,1291,1377,1256,1322,1380,1310,0,1327,1353,1239,1367,0,1250,1363,1331,1273,1414,1333,1196,1366,1260,1315,1395,1237,0,1382,1176,1323,1338,1232,1366,1309,0,1343,1247,1322,1344,1188,1291,1371,1114,1310,1213,1196,1274,1124,0,1108,1009,1118,1021,0,1103,965,1086,1039,993,1124,1031,1036,1066,910,1038,1010,990,1056,991,995,1053,931,1044,884,941,970,966,1005,963,1034,1010,968,1030,963,999,963,983,1005,959,993,967,0,0,990,952,845,1027,967,978,969,896,1092,936,972,951,939,908,952,972,927,928,947,977,897,922,970,912,0,0,908,1062,0,936,933,859,978,965,870,
1337,1300,1301,1401,1260,1417,1479,1280,1292,1439,1319,1378,1420,1290,1379,1419,1361,1294,1395,1331,1339,1388,1382,1305,1325,1387,1224,1299,1315,1239,1348,1366,1253,1445,1328,1242,1,1344,1305,1385,1277,0,1383,1285,1281,1366,1346,1315,1311,1333,1236,1256,1293,1246,1415,1308,1255,1393,1267,1258,0,1252,1317,1369,1227,1373,1313,1238,1406,0,1235,0,1202,1318,1352,1201,1405,1274,1170,1301,1037,1029,1103,1031,1070,1030,1009,1068,987,1107,1036,1027,1064,1011,975,1027,956,996,967,972,1023,968,990,1031,0,994,935,974,900,936,978,944,975,990,981,984,930,966,933,971,1015,970,986,0,0,935,919,964,887,992,952,943,890,915,930,964,948,931,998,957,880,977,0,947,894,914,957,958,892,911,910,0,885,904,923,918,938,892,948,906,
1057,1188,1332,1326,1125,1416,1322,1388,1343,1274,1416,1359,1300,1407,1352,0,1405,1317,1308,1314,1336,1072,1394,1380,1344,1365,1384,1251,0,1407,1196,1281,1444,1329,1375,1388,1252,1382,1419,1238,0,1353,1195,1357,1360,0,1282,1384,1214,1319,1256,1305,1383,1283,1286,1382,1267,1283,0,1264,1285,1386,1314,1252,1328,1277,0,1340,1255,1319,1294,1232,1397,1297,1262,1336,1234,1295,1292,1203,0,1048,1077,1124,1002,0,1035,1025,1174,998,1066,1068,1011,1070,1014,969,1058,998,1025,966,988,1066,1006,1022,1012,948,1037,979,1003,970,977,1048,932,1002,987,981,1026,999,1002,899,991,995,922,0,0,984,997,963,984,957,969,963,976,1028,922,963,947,980,942,923,916,961,977,928,948,935,955,930,970,0,0,921,1027,0,924,946,964,956,955,933,
1019,1275,1372,1056,1396,1451,1404,1369,1418,1418,1299,1369,1444,1337,1364,1382,1227,1449,1429,1243,1240,1204,1265,1479,1374,1305,1354,1389,1272,1296,1421,1292,1271,1433,1374,1315,0,1327,1275,1423,1299,0,1388,1276,1218,1348,1261,1414,1405,1186,1309,1407,1209,1373,1294,1190,1352,1299,1194,1348,0,1283,1372,1212,1312,1360,1226,1302,1334,0,1354,0,1286,1391,1270,1349,1341,1223,1337,1202,1047,1104,1022,1041,1061,1011,1059,1018,1041,1122,1020,969,1024,990,1096,967,952,1044,945,999,982,1014,1025,986,0,935,1035,1042,947,978,962,982,975,945,957,907,986,948,948,981,957,987,965,0,0,916,1002,911,916,936,905,961,942,957,888,996,955,944,942,909,923,923,0,839,877,812,954,876,915,899,948,0,939,889,972,906,871,914,897,873,
1374,1407,1205,1311,1356,1242,1383,1414,1267,1397,1445,1293,1322,1446,1332,0,1452,1319,1263,1452,1320,1271,1428,1322,1318,1410,1310,1251,0,1250,1369,1388,1273,1258,1089,1280,1306,1411,1389,1295,0,1307,1242,1381,1276,0,1399,1334,1268,1413,1264,1251,1378,1208,1377,1365,1232,1383,0,1204,1360,1271,1212,1334,1241,1305,0,1216,1368,1221,1213,1355,1281,1300,1341,1250,1291,1305,1156,1294,0,1061,1025,1063,1062,0,997,1088,1082,1028,1034,1027,1068,1045,1009,1138,1060,1058,1017,974,1042,965,1026,1027,954,1003,1007,1036,1022,967,950,975,997,1023,906,1028,963,1035,991,946,1029,976,977,0,0,1043,942,955,975,999,945,1002,941,1012,938,960,942,943,886,941,960,921,1008,976,952,927,926,946,922,0,0,867,1070,0,961,989,920,960,967,936,
1289,1312,1421,1236,1344,1443,1369,1274,1421,1319,1301,1406,1269,1388,1376,1326,1323,1421,1330,1356,1402,1417,1288,1465,1339,1248,1389,1377,1215,1390,1402,1211,1375,1347,1242,1374,0,1084,1381,1257,1315,0,1285,1261,1357,1297,1328,1440,1309,1390,1369,1333,1299,1406,1293,1264,1371,1248,1290,1396,0,1355,1339,1211,1396,1290,1253,1299,1248,0,1374,0,1376,1393,1225,1375,1282,1287,1333,1125,1114,1013,1001,1139,1001,1069,1074,978,1075,1009,1037,1071,991,1102,1033,1001,1119,984,1072,1040,882,1070,969,1008,0,949,1005,963,952,965,948,900,999,975,972,996,983,989,1004,947,941,942,877,0,0,935,966,983,969,957,987,930,986,862,967,950,993,928,958,962,910,885,0,976,966,847,917,969,906,811,958,0,1001,902,947,923,925,970,950,913,
1385,1260,1346,1421,1372,1262,1431,1348,1217,1380,1371,1286,1411,1343,1219,0,1448,1257,1407,1401,1283,1379,1395,1319,1374,1408,1310,1299,1,1267,1317,1440,1221,1347,1349,1213,1331,1137,1206,1355,0,1176,1355,1353,1242,2,1267,1256,1431,1323,1328,1395,1281,1313,1364,1269,1313,1385,0,1286,1362,1243,1311,1283,1219,1365,0,1259,1417,1348,1291,1365,1389,1296,1333,1328,1423,1289,1211,1311,0,1106,1025,1034,1207,0,1046,1083,1049,1106,1019,1011,1126,1007,1107,1050,1034,1125,1007,1047,1020,973,1054,1003,990,1016,951,1023,993,983,1001,979,941,984,1004,968,1003,964,1043,987,937,959,1005,0,0,972,902,935,990,996,1015,941,922,1106,959,966,888,961,955,987,963,926,1025,920,963,965,1019,943,981,0,0,976,1072,0,949,954,933,924,973,909,
1193,1333,1330,1311,1329,1346,1366,1355,1390,1277,1399,1240,1232,1328,1408,1238,1352,1396,1259,1408,1452,1306,1444,1414,1269,1359,1389,1308,1316,1410,1296,1293,1370,1304,1255,1418,1,1259,1362,1262,1300,0,1228,1342,1369,1226,1360,1399,1202,1441,1391,1266,1383,1290,1293,1378,1239,1264,1363,1252,0,1391,1290,1338,1375,1272,1335,1313,1298,0,1273,0,1345,1264,1348,1246,1338,1356,1252,1127,1064,1054,1080,1061,1027,1108,1062,1034,944,1086,1080,1064,1026,1034,1027,1072,1039,1030,1157,987,980,971,1056,995,0,1006,930,1018,978,949,1017,898,982,976,894,979,948,1004,966,948,1026,973,960,0,0,930,1013,911,945,982,925,948,907,973,1012,843,945,890,1019,963,934,951,0,962,971,943,945,929,902,978,945,0,898,945,938,957,959,938,944,932,
1320,1229,1351,1357,1239,1355,1377,1295,1273,1414,1307,1306,1422,1308,1242,2,1277,1245,1418,1338,1299,1424,1341,1281,1402,1296,1303,1382,0,1286,1392,1293,1293,1376,1334,1313,1388,1349,1320,1386,0,1208,1395,1294,1228,0,1261,1272,1373,1300,1348,1383,1328,1421,1367,1210,1431,1395,0,1362,1268,1251,1376,1239,1377,1339,0,1371,1352,1213,1421,1235,1339,1364,1231,1365,1312,1201,1358,1140,0,1184,1040,1104,1129,0,1094,1027,1089,1096,1010,1029,1027,1124,1051,1052,1089,1039,1129,972,999,1047,964,1095,1010,1016,1041,966,1044,1021,997,1029,889,1055,995,1004,961,986,1055,990,997,926,1013,0,0,1014,989,1022,948,933,1011,940,1047,1055,981,987,975,942,918,954,971,993,915,937,935,995,935,937,962,0,0,969,1139,0,951,917,943,989,961,948,
1278,1416,1318,1283,1347,1068,1346,1438,1354,1328,1422,1333,1355,1383,1345,1375,1402,1359,1381,1418,1409,1291,1411,1427,1249,1423,1379,1226,1431,1356,1222,1318,1392,1236,1342,1295,0,1363,1323,1287,1349,0,1250,1362,1296,1276,1410,1337,1281,1411,1339,1312,1486,1346,1276,1384,1248,1328,1368,1231,0,1325,1245,1390,1276,1281,1362,1244,1351,0,1232,0,1304,1249,1361,1228,1240,1390,1185,1195,984,1179,1126,1038,1153,1013,1186,1060,1049,1147,1010,1118,1050,1033,1163,977,979,1092,968,1068,975,1030,1053,965,0,934,1029,1044,952,1043,957,1016,1013,1004,889,914,965,955,1039,973,946,980,943,0,0,928,1043,924,957,998,963,946,964,911,992,971,971,946,920,986,971,902,0,892,943,956,942,976,829,911,974,0,961,992,890,1008,912,940,947,965,
1366,1271,1390,1343,1219,1341,1374,1251,1416,1332,1221,1383,1395,1230,1352,0,1303,1366,1372,1307,1342,1442,1327,1325,1427,1317,1330,1358,0,1350,1372,1248,1314,1344,1164,1352,1350,1212,1339,1374,0,1340,1330,1271,1353,0,1291,1406,1300,1324,1376,1280,1319,1425,1394,1318,1428,1367,0,1371,1260,1313,1400,1251,1399,1381,1,1408,1256,1243,1335,1409,1351,1324,1383,1254,1324,1343,1253,1301,0,1093,1091,1103,1123,0,1070,1144,1095,1073,1163,1028,1128,1086,1041,1125,1043,1026,1082,988,1122,1018,1005,998,977,967,989,1050,1022,904,1057,973,1018,983,951,1037,940,1010,1000,1037,1047,945,1047,0,0,910,1022,997,873,1052,954,1019,945,1087,929,887,1003,950,959,952,985,987,953,964,904,967,969,963,919,0,0,931,1161,0,1008,946,1011,964,1011,964,
1361,1352,1315,1331,1449,1303,1345,1461,1312,1328,1440,1324,1342,1417,1315,1296,1393,1251,1340,1332,1248,1421,1425,1318,1344,1440,1284,1230,1389,1343,1233,1432,1271,1237,1388,1248,0,1366,1231,1305,1330,0,1334,1383,1225,1417,1348,1240,1355,1345,1258,1411,1268,1360,1422,1322,1363,1230,1269,1352,0,1373,1410,1244,1373,1380,1239,1361,1261,0,1403,0,1302,1308,1239,1319,1268,1334,1353,1082,1089,1060,1019,1137,1057,1019,1114,1048,1078,1061,1049,1129,1005,1073,1074,1017,1100,971,1101,1006,961,1038,993,1083,0,1035,1041,1002,1073,969,957,993,938,1026,984,999,1034,944,1012,985,1008,967,1025,0,0,1023,1009,880,966,966,962,974,926,946,970,984,960,1016,943,955,953,1048,0,1004,1002,958,946,927,942,975,990,0,960,937,950,902,949,962,955,883,
1206,1338,1423,1296,1332,1404,1289,1279,1430,1330,1223,1403,1357,1248,1436,0,1307,1406,1370,1202,1422,1301,1297,1388,1358,1293,1378,1311,0,1379,1272,1308,1373,1345,1259,1354,1327,1279,1411,1323,0,1367,1307,1269,1423,0,1409,1283,1367,1433,1295,1255,1437,1250,1340,1427,1378,1059,0,1242,1361,1249,1323,1419,1228,1404,0,1247,1419,1270,1271,1358,1208,1254,1336,1190,1370,1299,1263,1278,0,1110,1118,1011,1132,0,1070,1141,1013,1158,1071,1014,1171,1091,1108,1013,996,1139,1061,1081,1033,967,1083,894,1008,1025,976,1051,991,1023,994,1026,1060,954,1078,1020,1021,978,1010,1034,982,1035,942,0,0,942,1057,964,967,947,998,996,962,1174,946,962,991,987,946,962,937,941,1000,915,1000,930,978,936,947,0,0,1014,1101,0,924,975,910,1014,957,993,
1395,1350,1278,1368,1316,1281,1494,1328,1326,1395,1319,1372,1362,1335,1369,1372,1427,1313,1359,1419,1249,1349,1443,1229,1385,1398,1220,1380,1330,1193,1389,1345,1262,1373,1245,1413,1,1209,1333,1355,1253,0,1293,1276,1382,1316,1380,1109,1318,1331,1400,1354,1257,1360,1337,1372,1474,1279,1332,1336,0,1438,1378,1273,1423,1301,1269,1389,1205,0,1320,0,1398,1301,1223,1381,1261,1422,1341,1116,1110,1050,1094,1075,1066,1116,1004,1060,1100,1043,1079,1044,1056,1074,1007,1062,1074,1098,1103,963,1017,1019,968,1045,0,926,1044,938,1027,980,1011,980,983,945,986,1020,1001,1004,981,940,1014,959,943,0,0,1014,961,994,968,1002,952,946,951,977,949,990,967,973,1024,929,955,935,0,976,964,965,987,952,963,985,918,0,949,935,998,952,978,981,937,964,
1199,1347,1450,1207,1423,1355,0,1363,1357,1237,1376,1397,1291,1386,1466,1,1318,1464,1305,1328,1411,1308,1272,1322,1298,1430,1379,1293,0,1365,1293,1336,1324,1298,1398,1226,1356,1360,1207,1267,0,1200,1330,1357,1225,3,1300,1261,1405,1313,1421,1393,1264,1375,1348,1290,1415,1408,0,1307,1339,1357,1354,1362,1329,1419,0,1296,1428,1272,1303,1310,1264,1406,1308,1258,1346,1212,1372,1234,0,1152,1063,1100,1139,0,1087,1041,1094,1176,1053,1151,1056,1048,1111,1004,1048,1047,984,1047,1038,1091,1054,1000,998,1001,1014,976,1049,1004,1000,1084,965,1075,1008,979,1034,979,1022,993,901,988,975,0,0,1003,1029,984,1003,967,959,999,968,1093,983,985,948,1024,919,976,944,940,1002,948,948,979,971,954,946,0,0,933,1164,0,996,956,994,980,961,953,
1376,1321,1233,1411,1347,1274,0,1326,1271,1432,1292,1416,1389,1287,1347,1308,1254,1420,1313,1313,1375,1290,1325,1423,1354,1289,1360,1291,1251,1422,1366,1311,1424,1353,1239,1355,1,1302,1378,1309,1178,0,1236,1340,1401,1211,1423,1407,1219,1413,1400,1186,1389,1328,1334,1403,1252,1382,1404,1234,0,1312,1278,1412,1288,1365,1372,1273,1308,0,1269,0,1231,1332,1352,1212,1243,1370,1212,1304,1080,1026,1118,1036,1133,1091,1017,1105,1043,1055,1108,1041,1066,1047,1041,1025,1020,1058,1078,1010,971,973,1032,970,0,1025,995,1064,980,1085,1025,959,1019,957,958,948,968,1010,887,1010,963,1030,970,0,0,963,957,934,980,966,972,959,923,947,931,943,876,957,923,932,942,933,0,962,968,952,893,906,862,932,965,0,932,958,932,913,888,935,905,851,
1298,1299,1252,1417,1307,1307,1371,1317,1327,1337,1452,1283,1433,1422,1331,0,1455,1267,1426,1471,1314,3,1423,1220,1308,1393,1261,1352,0,1294,1378,1286,1312,1381,1323,1291,1372,1389,1256,1377,0,1202,1448,1340,1236,0,1287,1280,1422,1227,1364,1386,1259,1436,1369,1144,1412,1245,0,1415,1224,1274,1405,1237,1416,1382,0,1389,1301,1329,1413,1180,1414,1226,1200,1347,1211,1347,1362,1170,0,1073,1093,1107,1077,0,1072,1034,1137,1090,1125,1033,1069,1124,1024,1080,1027,985,1098,973,1045,1030,978,1108,968,1030,1035,968,1054,1030,1098,1022,1035,1061,981,1050,994,1004,1007,1057,937,969,1059,0,0,992,959,979,978,1016,933,946,1025,1042,1025,934,1033,986,1010,937,1007,944,989,1009,963,1058,912,1025,972,0,0,1043,1153,0,972,979,979,974,989,929,
1223,1259,1379,1221,1316,1429,0,1392,1431,1336,1385,1448,1333,1345,1437,1362,1355,1460,1354,1419,1432,1338,1377,1391,1284,1296,1376,1218,1291,1377,1231,1362,1432,1242,1327,1398,0,1382,1329,1311,1337,0,1275,1418,1372,1302,1414,1319,1280,1400,1301,1258,1411,1285,1311,1383,1229,1401,1334,1217,0,1288,1339,1405,1298,1458,1349,1174,1396,0,1271,0,1206,1336,1379,1229,1378,1275,1250,1248,1050,1097,1050,1046,1100,1038,1116,1113,1054,1125,1065,1087,1071,1039,1094,1010,1043,1051,963,1044,988,1037,1030,972,0,986,1061,1022,988,974,1035,1053,1033,999,952,993,993,972,897,997,962,1019,1003,0,0,976,997,970,1009,928,1023,935,1006,979,972,949,932,958,934,996,920,957,0,980,988,972,1007,966,945,916,970,0,967,925,960,916,979,931,857,964,
1396,1325,1189,1392,1345,1231,1392,1335,1329,1380,1296,1312,1391,1299,1365,0,1325,1324,1394,1313,1355,1457,1415,1246,1467,1333,1241,1405,0,1263,1394,1261,1231,1394,1281,1345,1370,1228,1336,1380,0,1361,1346,1254,1400,0,1261,1362,1287,1333,1382,1320,1273,1423,1309,1292,1355,1318,0,1312,1274,1365,1377,1313,1406,1367,0,1401,1286,1421,1357,1228,1371,1304,1269,1311,1224,1382,1200,1234,0,1064,1122,1096,1073,0,1033,1153,1063,1022,1167,1053,1096,1103,1024,1152,1036,958,1056,969,1103,1003,1039,1052,986,1052,1025,1075,989,1050,1135,989,1109,985,1057,983,1019,1087,995,974,1009,1002,1076,0,0,925,1038,1014,961,1010,984,1042,999,1136,973,964,965,1022,990,969,1015,946,1018,967,1088,989,995,996,948,0,0,963,0,0,1028,996,910,964,989,937,
1223,1439,1467,1319,1396,1310,0,1387,1436,1246,1439,1413,1209,1411,1397,1268,1433,1373,1283,1436,1385,1338,1435,1365,1363,1368,1345,1243,1347,1388,1246,1378,1369,1209,1440,1335,0,1368,1321,1311,1385,0,1324,1376,1226,1427,1365,1222,1387,1368,1268,1374,1255,1288,1391,1266,1368,1382,1263,1374,0,1308,1402,1292,1299,1408,1284,1351,1359,0,1313,1,1293,1401,1291,1354,1290,1314,1330,1170,1076,1135,1043,1109,1099,1061,1141,1090,1119,1072,1057,1121,1020,1079,1050,1030,1041,1007,958,1038,1052,1061,1000,1105,0,1026,1057,1006,1063,963,1023,1035,925,929,940,1018,941,956,1016,969,1085,946,968,0,0,1002,998,1012,1006,1010,961,947,972,976,997,917,974,931,956,956,1020,973,0,948,1010,978,882,963,960,986,954,0,938,970,892,945,897,994,978,981,
1287,1294,1373,1400,1330,1388,1415,1294,1261,1443,1276,1383,1383,1298,1318,0,1301,1455,1452,1285,1420,1484,1326,1463,1450,1272,1352,1366,0,1347,1401,1293,1384,1330,1295,1372,1352,1252,1419,1394,0,1411,1302,1223,1409,0,1300,1338,1204,1292,1373,1218,1389,1323,1278,1424,1304,1318,0,1217,1389,1319,1226,1421,1271,1325,0,1273,1452,1368,1241,1419,1252,1311,1380,1182,1317,1236,1215,1285,0,1085,1132,1036,1114,0,1090,1135,995,1125,1073,1104,1143,1038,1111,1024,1049,1105,991,1087,1034,1030,1093,1022,1100,1019,1068,1084,990,1107,984,1038,1033,980,1012,1003,1061,992,1003,1014,998,1032,1003,0,0,1000,998,954,1073,996,997,936,1042,1028,1023,947,1008,1036,970,946,1041,988,957,1012,939,1038,975,946,981,0,0,974,0,0,967,967,955,995,998,941,
1261,1415,1301,1326,1442,1311,3,1413,1318,1385,1434,1342,1312,1440,1347,1273,1432,1359,1314,1448,1386,1387,1431,1377,1297,1370,1232,1385,1399,1258,1333,1381,1223,1304,1413,1270,0,1404,1323,1374,1356,0,1406,1370,1255,1394,1316,1288,1449,1308,1292,1423,1283,1351,1425,1261,1404,1326,1188,1349,0,1343,1395,1256,1405,1370,1190,1399,1221,0,1378,0,1374,1323,1212,1370,1338,1226,1439,1175,1131,1078,1093,1073,1024,1134,1000,1074,1143,1043,1129,1033,1064,1136,1010,993,987,1037,1121,1021,1110,990,1038,1033,0,1091,950,1027,1045,973,1033,983,1017,986,967,975,966,1002,950,973,957,996,964,0,0,938,1029,928,1065,970,989,960,911,993,956,1001,972,961,961,909,916,1016,0,969,975,970,940,991,908,957,939,0,984,937,979,943,925,971,1004,946,
1313,1247,1422,1321,1291,1360,1305,1266,1373,1354,1269,1379,1348,1328,1408,1,1325,1417,1395,1287,1491,1470,1265,1404,1418,1283,1417,0,0,1381,1299,1305,1380,1237,1296,1376,1271,1351,1399,1297,0,1319,1266,1317,1339,0,1346,1297,1329,1403,1327,1296,1437,1412,1307,1355,1264,1389,0,1204,1373,1325,1312,1435,1254,1396,2,2,1449,1384,1219,1403,1225,1361,1349,1242,1383,1241,1304,1303,0,1138,1065,1081,1094,0,1169,1077,1053,1161,1073,1183,1001,1014,1114,1033,1107,1096,1036,1122,1019,1097,1074,1051,1096,1056,1138,989,1063,1027,1043,991,1103,1019,1018,1067,996,1081,989,1041,1043,974,1029,0,0,983,996,981,971,1036,1006,965,952,1142,1002,1006,1044,964,1063,915,950,974,1043,963,1018,1041,1003,985,1017,0,0,981,0,0,977,1020,976,998,956,1050,
1290,1357,1294,1342,1399,1279,0,1408,1312,1412,1425,1264,1373,1370,1296,1372,1402,1301,1353,1311,1398,1414,1467,1332,1337,1223,1262,1356,1326,1219,1363,1296,1188,1416,1350,1249,0,1268,1001,1387,1261,0,1417,1221,1355,1342,1247,1368,1330,1353,1399,1369,1357,1420,1330,1305,1369,1320,1334,1304,0,1396,1326,1292,1388,1325,1284,1329,1306,0,1328,0,1378,1316,1380,1332,1261,1399,1242,1277,1105,1077,1137,1032,1089,1133,1018,1186,1066,1059,1200,1024,1154,1031,1006,1080,1020,991,994,1102,1027,1048,1009,1066,0,996,1064,988,1012,1031,893,1036,954,1044,999,968,1032,994,991,912,1013,982,982,0,0,959,974,986,974,963,958,991,995,923,990,961,982,961,1020,1034,1011,880,0,1024,970,926,931,961,925,978,989,0,1004,968,996,948,997,960,982,902,
1305,1206,1401,1329,1309,1477,1401,1327,1442,1298,1289,1376,1288,1337,1359,1,1355,1411,1287,1368,1441,1310,1372,1428,1327,1375,1361,1314,0,1413,1229,1414,1408,1217,1361,1406,1244,1429,1101,1254,0,1282,1224,1372,1250,0,1384,1217,1356,1395,1249,1427,1374,1312,1402,1314,1324,1392,0,1357,1358,1297,1422,1277,1355,1407,0,1383,1380,1306,1343,1239,1360,1407,1253,1372,1296,1312,1362,1225,0,1098,1106,1190,1109,0,1182,1093,1161,1074,1104,1053,1089,1064,1029,1082,1065,1111,1073,0,1147,1060,1099,1051,970,1088,1035,1168,1100,1082,1052,1047,989,1048,1091,994,1047,1089,1034,1041,1046,1027,995,0,0,1026,1043,975,1077,952,1038,1007,985,1154,950,1107,1007,1144,999,1042,1000,1065,1019,1023,1045,952,1019,996,992,0,0,978,0,0,1001,968,1014,1002,994,1023,
1375,1392,1315,1368,1391,1372,2,1442,1279,1471,1451,1272,1459,1412,1294,1438,1336,1250,1397,1323,1285,1461,1310,1293,1343,1271,1333,1400,1279,1339,1436,1288,1299,1398,1324,1315,0,1285,1296,1428,1205,0,1401,1256,1427,1279,1321,1432,1295,1360,1367,1257,1399,1287,1218,1382,1278,1290,1355,1272,0,1389,1320,1404,1312,1365,1388,1251,1286,0,1214,0,1303,1337,1427,1200,1441,1287,1270,1306,1062,1151,1044,1171,1068,1031,1170,1047,1145,1103,1001,1065,1034,1077,1107,1072,1088,912,1113,1101,1108,1086,1011,1070,0,1036,1087,987,1075,1019,1079,1001,1028,1030,1004,1040,983,944,984,1018,1055,973,975,0,0,1011,1031,970,980,998,996,964,1006,981,995,1028,1048,982,1079,987,1042,968,0,887,1024,983,961,986,944,972,980,0,987,1028,919,1001,951,993,996,987,
1184,1323,1377,1275,1289,1399,1331,1408,1410,1292,1326,1394,1332,1364,1404,0,1440,1448,1269,1455,1408,1142,1417,1391,1259,1427,1342,1297,0,1320,1295,1420,1287,1320,1435,1332,1333,1412,1359,1311,0,1275,1343,1423,1241,0,1308,1278,1422,1354,1286,1415,1279,1,0,1208,1426,1348,0,1372,1229,1321,1379,1230,1450,1366,0,1425,1237,1322,1353,1416,1375,1311,1469,1321,1304,1423,1198,1275,0,1103,1230,1102,1214,0,1093,1223,1079,1144,1148,1115,1234,1095,1095,1116,1089,1128,1048,1142,1063,1059,1121,1064,1135,1074,1113,1068,1064,1133,1053,1109,1014,1094,1110,1030,1118,983,1145,1028,1111,1095,886,0,0,1087,1029,1014,1066,1021,1082,1011,1092,1088,1053,1046,1068,1053,1022,1049,1036,1054,1011,1096,1035,1071,993,1056,1033,0,0,1034,0,0,1020,926,1011,1023,1067,1025,
1389,1239,1304,1333,1265,1310,0,1285,1408,1410,1294,1385,1414,1404,1374,1413,1404,1320,1465,1325,1304,1419,1257,1361,1402,1200,1379,1360,1242,1434,1354,1193,1391,1295,1336,1377,0,1350,1411,1272,1304,0,1324,1391,1357,1363,1319,1410,1296,0,1312,1262,1429,1298,1351,1362,1311,1388,1351,1353,0,1332,1424,1366,1306,1427,1344,1423,1301,0,1395,0,1354,1336,1216,1320,1385,1412,1349,1232,1143,1047,1095,1195,1071,1052,1069,1075,1196,1014,1122,1076,1089,1165,1035,1092,1053,1074,1097,1043,1107,1073,1102,1044,0,1086,1039,1089,1068,1032,1076,987,1106,991,982,1014,983,1035,1006,1053,1005,1053,991,0,0,1001,1069,1009,1014,979,1041,1054,998,1048,993,1014,987,1072,969,993,1024,1049,0,984,1027,921,972,1009,917,972,1002,0,1021,997,977,1026,991,996,1022,989,
1203,1338,1330,1240,1399,1323,1262,1366,1289,1347,1385,1256,1308,1435,1276,3,1398,1333,1313,1430,1341,1308,1412,1411,1317,1435,1326,1362,1,1267,1392,1437,0,1488,1354,1254,1438,1387,1299,1376,0,1273,1353,1213,1354,0,1238,1335,1267,1354,1377,1236,1263,1301,1326,1398,1339,1394,0,1283,1393,1312,1385,1407,1308,1389,0,1343,1435,1328,1323,1355,1243,1401,1321,1276,1365,1273,1286,1321,0,1111,1108,1100,1186,0,1189,1095,1016,1246,1051,1155,1158,1097,1168,1064,1128,1101,1074,1173,1078,1124,1071,1130,1084,1038,1167,1010,1107,1081,1102,1080,984,1139,1039,1146,1055,1040,1097,1037,1051,1023,1073,0,0,1039,1078,1131,973,1039,976,1102,1051,1173,1071,1043,1087,949,1072,986,1081,988,1075,1014,1073,1021,1073,1049,1006,0,0,1076,0,0,958,1060,1003,1086,963,1018,
1332,1278,1262,1375,1279,1323,0,1236,1424,1444,1261,1339,1389,1264,1420,1395,1265,1447,1327,1337,1415,0,1325,1423,1342,1290,1444,1336,1257,1429,1349,1306,1412,1289,1345,1378,0,1449,1397,1381,1420,0,1391,1408,1247,1396,1260,1273,1396,1211,1262,1394,1209,1350,1342,1206,1375,1226,1295,1390,1,1410,1334,1255,1396,1334,1396,1441,1246,0,1289,0,1441,1223,1425,1357,1287,1371,1280,1248,1125,1043,1150,1122,1084,1131,1082,1161,1099,1078,1136,1031,1129,1032,1056,1045,1036,1168,1053,1106,1087,1026,1130,963,0,1056,996,1143,980,1072,943,1031,1051,1000,1055,1031,1062,1025,1032,1006,1067,1088,975,0,0,1062,1017,1058,1042,989,1147,951,1033,1021,1040,1021,1015,972,991,964,991,1072,0,1048,951,951,974,990,1030,977,976,0,965,1003,1016,981,976,1027,1013,959,
1298,1388,1330,1297,1415,1334,1262,1393,1332,1314,1402,1302,1304,1349,1280,0,1409,1306,1397,1398,1259,1384,1349,1322,1381,1354,1440,1341,0,1390,1386,1348,1417,1366,1242,1392,1352,1336,1450,1335,0,1393,1339,1320,1426,0,1418,1356,1332,1357,1224,1300,1425,1263,1296,1408,1279,1419,1,1247,1374,1278,1413,1467,1285,1439,0,1221,1409,1243,1405,1373,1252,1395,1274,1323,1382,1242,1410,1213,0,1200,1041,1210,1114,0,1161,1058,1193,1157,1092,1152,1052,1185,1046,1078,1108,1093,1188,1048,1131,1100,1028,1157,964,1141,1085,1113,1072,1028,1149,1016,1065,1051,1107,1062,1022,1144,940,1097,1011,1061,1027,0,0,934,1086,1081,1064,1071,1043,1036,1036,1140,1005,1069,1014,1078,980,985,1022,1003,1066,1006,1095,1036,1033,1010,1059,0,0,982,0,0,1037,1017,1020,1020,1030,1067,
1245,1255,1396,1292,1377,1392,0,1269,1404,1417,1348,1441,1405,1272,1337,1284,1366,1385,1308,1411,1381,1257,1428,1293,1170,1381,1283,1373,1368,1238,1371,1400,1220,1356,1305,1269,0,1302,1365,1424,1324,0,1421,1340,1418,1348,1312,1382,1425,1340,1394,1379,1244,1397,1342,1230,1367,1303,1316,1388,0,1448,1342,1326,1461,1280,1320,1352,1264,1,1209,0,1396,1235,1432,1275,1262,1360,1234,1367,1079,1001,1147,1062,1174,1052,1109,1095,1056,1241,1082,1074,1143,1027,1162,1062,1103,1128,1035,1184,1014,1106,1038,1071,0,1038,1066,1059,1039,1043,1038,1052,991,996,1000,1027,1077,1010,1117,1031,1096,1024,1039,0,0,1080,1007,1054,1015,1102,1004,962,997,937,1018,1011,1065,1009,1067,958,1024,1003,0,1025,993,1030,995,959,965,995,985,0,894,920,962,1001,943,1056,1030,967,
1344,1361,1224,1353,1214,1339,1378,1253,1336,1394,1292,1355,1429,1267,1381,0,1389,1331,1429,1365,1439,1349,1273,1442,1415,1276,1462,1329,0,1442,1268,1278,1423,1252,1445,1396,1242,1357,1367,1229,1,1391,1295,1424,1314,0,1441,1250,1360,1341,1322,1395,1330,1319,1432,1288,1314,1410,1,1374,1369,1269,1433,1330,1343,1381,0,1393,1355,1278,1419,1338,1367,1317,1349,1404,1284,1306,1292,1248,0,1116,1162,1196,1151,0,1081,1146,1153,1054,1107,1082,1066,1113,1104,1131,1068,1100,1107,1062,1129,1038,1038,1135,1078,1052,1058,1120,1077,1134,1081,1104,1087,1065,1162,978,1096,1065,1053,1114,996,1095,982,0,0,1029,997,1055,1049,1008,1087,1024,1069,1098,1085,1042,994,1043,984,1032,1025,1005,997,1040,1022,967,1025,986,950,0,0,982,0,0,1052,933,983,1056,1026,1002,
1269,1344,1396,1204,1055,1274,0,1394,1298,1306,1408,1286,1310,1429,1308,1425,1368,1302,1404,1386,1310,1409,1409,1344,1339,1404,1304,1428,1314,1293,1442,1358,1287,1450,1285,1299,0,1232,1334,1388,1205,0,1365,1285,1393,1308,1278,1392,1240,1332,1366,1254,1353,1274,1283,1399,1269,1415,1356,1274,3,1346,1320,1454,1318,1397,1342,1307,1381,0,1333,0,1337,1355,1331,1351,1397,1252,1342,1262,1087,1190,1028,1127,1154,1120,1147,1059,1138,1170,1070,1117,1022,1014,1103,1053,1122,1018,1092,1045,1084,1109,1071,1099,0,1064,1068,1071,1079,1029,1065,1044,1117,1063,964,1061,1015,1136,1034,1071,1017,1014,1051,0,0,940,1055,986,1014,963,988,1004,981,1022,973,1050,967,1025,934,1036,993,1033,0,986,980,982,983,969,1016,970,931,0,936,1011,988,925,1012,971,1015,958,
1350,1315,1366,1355,1041,1433,1359,1232,1446,1354,1243,1414,1326,1324,1371,0,1303,1381,1289,1285,1467,1296,1389,1378,1289,1341,1397,1317,0,1403,1345,1357,1389,1272,1428,1418,1285,1475,1328,1206,0,1299,1356,1463,1250,0,1326,1278,1378,1288,1316,1380,1236,1430,1386,1251,1416,1308,0,1381,1237,1429,1330,1312,1430,1271,1,1401,1256,1411,1276,1305,1424,1308,1394,1315,1279,1353,1248,1311,0,1115,1202,1087,1157,0,1065,1240,1064,1168,1106,1095,1176,1054,1137,1070,1130,1125,1097,1201,1040,1123,1107,1032,1165,1109,1132,1083,1076,1125,1098,1215,1063,1125,1089,1092,1136,1111,1121,1047,1130,1044,1072,0,0,1088,1005,1082,993,1131,1021,1084,1092,1174,1048,948,1048,1035,1106,1052,1047,1032,1031,955,1063,1006,1018,924,1028,0,0,1033,0,0,1022,975,1005,1028,1016,1077,
1385,1387,1279,1295,1398,1285,0,1356,1302,1313,1465,1307,1294,1408,1242,1434,1432,1253,1466,1403,1213,1412,1328,1334,1457,1293,1386,1415,1246,1388,1412,1266,1454,1407,1352,1374,1,1358,1400,1352,1277,0,1314,1318,1443,1296,1361,1391,1239,1363,1411,1256,1445,1259,1321,1424,1199,1415,1297,1281,0,1262,1402,1381,1239,1430,1314,1290,1417,0,1435,0,1349,1425,1256,1377,1304,1240,1427,1159,1161,1112,1136,1185,1075,1110,1120,1061,1064,1042,1119,1114,1065,1164,1037,1117,1051,1070,1116,1079,1161,1084,1110,1020,0,1126,1030,1141,1056,1091,1057,1010,1075,1018,1086,1036,1040,1023,1083,1111,1037,1046,971,0,0,1007,1080,976,1073,1017,1074,981,1040,1052,1052,1025,1027,1021,1016,1073,956,1060,0,910,975,997,975,968,1005,1026,939,0,951,1001,1013,1005,1007,1050,966,964,
1241,1306,1395,1252,1287,1364,1247,1379,1345,1351,1311,1403,1384,1242,1487,0,1285,1401,1274,1353,1425,1246,1426,1370,1259,1454,1303,1323,1,1289,1363,1436,1299,1407,1388,1282,1361,1431,1386,1369,0,1303,1365,1362,1311,0,1408,1357,1451,1313,1390,1366,1240,1497,1398,1319,1477,1252,0,1395,1300,1449,1325,1388,1414,1270,0,1428,1295,1460,1248,1403,1347,1285,1402,1284,1329,1347,1232,1397,0,1198,1100,1139,1259,0,1154,1191,1071,1192,1073,1198,1103,1115,1191,1089,1215,1161,1115,1129,1062,1141,1111,1110,1093,1078,1141,1058,1156,1038,1183,1141,1119,1126,1064,1110,1091,1193,1107,1150,1098,1031,1083,0,0,1051,1052,1079,1062,1034,1051,962,1042,1169,1083,1147,1026,1025,1001,1036,986,1075,1038,1061,1016,992,1012,1007,1013,0,0,984,0,0,1071,1005,946,996,1059,973,
1369,1378,1215,1409,1340,1264,1,1314,1325,1418,1296,1287,1403,1335,1338,1416,1337,1297,1456,1360,1321,1439,1313,1357,1423,1299,1420,1387,1220,1368,1375,1270,1458,1315,1363,1422,0,1416,1395,1232,1362,0,1319,1446,1344,1400,1433,1352,1358,1414,1349,1389,1328,1340,1437,1356,1356,1388,1342,1386,0,0,1419,1388,1400,1405,1305,1414,1385,0,1415,0,1415,1376,1273,1399,1358,1350,1411,1231,1166,1064,1180,1170,1126,1128,1109,1192,1127,1095,1252,1034,1127,1044,1121,1154,1060,1194,1042,1106,1046,1102,1094,1059,1,1045,1088,1083,1062,1106,1019,1159,984,1094,1067,1069,1122,1031,1143,1040,1060,1038,1091,0,0,1021,1016,1005,1024,1071,1052,1084,972,1095,1001,1043,1084,1014,1077,1012,1047,1028,0,949,1073,984,1044,1022,988,959,1050,0,1007,988,1014,995,1044,1020,1019,1010,
1258,1208,1385,1267,1307,1370,1245,1351,1462,1222,1410,1375,1268,1377,1362,0,1446,1329,1381,1427,1388,1334,1450,1427,1340,1468,1372,1294,0,1268,1354,1366,1245,1441,1387,1271,1348,1285,1283,1408,0,1380,1440,1261,1405,0,1287,1394,1305,1411,1412,1298,1435,1351,1359,1415,1314,1372,0,1325,1381,1327,1386,1437,1306,1356,0,1362,1384,1298,1318,1410,1281,1364,1279,1355,1404,1277,1330,1241,0,1274,1129,1247,1145,0,1183,1086,1119,1091,1100,1128,1071,1143,1073,1089,1138,1081,1131,1040,1094,1093,1099,1128,1047,1178,1058,1162,1050,1061,1037,1161,1093,1001,1175,1029,1140,1093,1071,1089,1076,1038,1006,0,0,1092,964,1059,1019,1011,1110,1041,1088,1115,1075,1004,1087,1041,1069,995,1031,1045,1017,1043,924,1052,952,1108,976,0,0,1049,0,0,1028,1075,996,1060,1000,1029,
1341,1320,1196,1420,1371,1284,0,1318,1239,1429,1301,1318,1420,1262,1422,1363,1295,1404,1328,1322,1410,1380,1435,1420,1326,1401,1456,1314,1256,1442,1344,1366,732,1322,1348,1433,1,1461,1337,1227,1422,0,1340,1443,1285,1420,1392,1274,1471,1333,1320,1323,1297,1435,1393,1253,1412,1320,1320,1437,0,1424,1361,1310,1453,1314,1374,1404,1253,0,1252,0,1434,1253,1402,1246,1334,1412,1261,1341,1103,1141,1239,1102,1200,1096,1140,1152,1077,1158,1058,1139,1121,1035,1142,1064,1133,1099,1099,1115,1156,1117,1021,1158,0,1095,1089,1029,1113,1054,1145,1071,1081,1018,1044,1052,1086,1066,1019,1044,1011,1129,1010,0,0,966,1097,922,1107,1025,971,1013,1016,1028,1015,1077,1011,1064,1050,1002,1006,1043,0,1038,997,992,1019,1022,1033,1065,935,0,1029,989,1086,997,1020,1009,942,983,
1180,1207,1223,1185,1213,1301,1170,1299,1261,1141,1267,1181,1157,1294,1228,0,1301,1191,1283,1360,1198,1299,1289,1235,1271,1265,1252,1338,0,1206,1334,1232,1076,1339,1258,1248,1367,1197,1319,1285,0,1283,1255,1208,1330,0,1246,1297,1199,1336,1238,1188,1339,1246,1292,1256,1176,1376,0,1170,1311,1151,1288,1279,1200,1371,0,1327,1287,1118,1354,1210,1277,1328,1172,1306,1239,1228,1278,1106,0,1068,1076,1142,1050,0,1041,1005,1062,1087,1020,967,1071,1006,1017,1017,983,1042,997,984,1017,1021,1069,950,1037,976,1043,1002,1061,1029,996,1019,994,1085,936,1022,996,972,989,973,987,914,979,0,0,985,917,935,946,988,944,987,957,1063,964,822,940,931,933,926,935,894,924,941,978,880,967,934,948,0,0,882,0,0,850,914,861,940,929,906,
1255,1158,1199,1307,1208,1204,0,1167,1223,1298,1193,1253,1262,1173,1302,1226,1151,1309,1241,1182,1347,1175,1259,1295,1126,1251,1316,1135,1354,1254,1199,1262,1235,1220,1311,1212,0,1358,1189,1235,1225,0,1296,1228,1190,1348,1279,1190,1303,1173,1252,1229,1226,1341,1263,1205,1292,1201,1328,1298,0,1320,1214,1327,1309,1188,1292,1233,1267,0,1184,0,1238,1162,1288,1139,1249,1278,1216,1229,980,1084,975,1094,1031,1056,1089,970,1042,1003,1021,1033,1016,1070,963,983,893,1028,1020,964,1015,963,995,1006,0,986,953,967,940,961,974,955,953,946,987,944,999,975,954,1025,938,976,931,0,0,947,922,911,976,942,951,931,920,918,903,911,969,863,918,841,876,911,0,875,919,882,918,894,901,893,864,0,864,920,839,914,917,918,899,915,
1088,1251,1186,1162,1312,1188,1212,1297,1196,1261,1318,1206,1224,1333,1206,0,1304,1169,1273,1313,1201,1367,1227,1212,1295,1212,1246,989,0,1264,1299,1150,1275,1227,1193,1320,1211,1267,1357,1218,0,1290,1188,1283,1266,0,1375,1282,1242,1372,1220,1302,1380,1237,1397,1251,1212,1312,0,1273,1268,1218,1366,0,1263,1279,3,1300,1160,1287,1288,1307,1311,1126,1293,1143,1245,1296,1179,1275,0,1135,1146,1039,1095,0,976,1057,1005,1062,999,1007,944,985,1055,977,1046,1001,992,1046,1004,988,1009,1032,968,1069,1069,990,1032,946,1023,1001,1007,1057,969,1017,973,986,991,1039,931,969,989,0,0,911,982,914,1022,938,1022,963,971,0,959,986,935,1005,927,980,966,886,914,941,914,971,975,933,958,0,0,932,0,0,930,925,944,896,940,885,
1192,1063,1245,1268,1127,1244,0,1161,1321,1178,1220,1389,1277,1221,1331,1226,1193,1351,1229,1272,1302,1188,1311,1321,1140,1327,1217,1160,1312,1199,1217,1308,1181,1230,1259,1171,0,1257,1225,1331,1178,0,1298,1172,1293,1269,1224,1338,1231,1253,1328,1213,1252,1270,1248,1325,1281,1276,1355,1221,0,1225,0,1269,1234,1311,1179,1235,1247,0,1305,0,1210,1357,1239,1254,1203,1238,1199,1139,1123,1020,1011,1030,986,1042,1006,1051,1043,992,1070,980,998,975,989,1030,993,992,896,1016,1006,1008,1017,929,0,950,932,986,948,956,942,1005,921,1005,957,946,953,964,996,946,965,913,999,0,0,985,906,944,904,953,834,942,1000,979,967,942,917,940,984,909,942,881,0,871,826,944,918,906,910,904,933,0,885,909,933,795,890,918,933,905,
1180,1295,1146,1233,1276,1163,1192,1227,1128,1242,1256,1194,1306,1217,1262,0,1233,1247,1392,1222,1249,1416,1211,1261,1329,1212,1295,1257,0,1360,1145,1186,1338,1192,1224,1276,1153,1283,1319,1127,0,1215,1230,1300,1178,0,1275,1163,1242,1262,1217,1157,1166,1369,1188,1331,1288,1185,0,1259,1251,1332,0,1323,1308,1254,0,1181,1240,1310,1182,1336,1169,1192,1355,1125,1250,1190,1257,1203,0,1144,1074,1112,1071,0,1051,988,1011,992,1008,1051,1009,958,986,1026,1055,995,1035,937,1027,961,1000,1011,952,1064,934,1028,1031,952,993,981,1023,996,1042,1006,1014,979,1019,985,889,1021,949,0,0,997,1007,932,937,925,989,949,1017,0,990,939,1036,906,845,906,974,984,954,940,920,928,936,923,947,0,0,913,0,0,897,943,899,883,915,904,
1227,1133,1260,1171,1133,1257,0,1174,1325,1172,1281,1313,1151,1242,1308,1190,1292,1243,1236,1302,1193,1239,1377,1210,1231,1288,1195,1228,1297,1187,1274,1249,1163,1326,1262,1176,0,1224,1334,1182,1265,0,1161,1330,1287,1153,1362,1214,1204,1344,1179,1230,1340,1214,1391,1254,1264,1345,1155,1350,0,1192,1314,1161,1243,1242,1196,1297,1152,0,1240,0,1311,1226,1237,1267,1129,1364,1197,1157,1034,993,1052,985,1047,1028,1021,1108,998,1035,950,1005,1020,933,1051,946,1005,989,970,982,946,1013,940,947,0,924,1003,964,988,966,937,954,1001,1005,991,914,941,928,866,958,1000,885,908,0,0,907,954,830,964,931,945,917,946,880,914,949,910,937,904,927,911,917,0,834,908,946,919,909,893,875,922,0,905,890,919,824,920,897,908,825,
1218,1225,1182,1240,1275,1151,1266,1241,1152,1320,1188,1217,1337,1209,1222,0,1165,1261,1265,1222,1293,1251,1232,1333,1234,1205,1328,1210,0,1208,1221,1402,1204,1251,1328,1240,1289,1257,1223,1324,0,1236,1376,1222,1222,0,1165,1258,1264,1262,1359,1259,1353,1341,1188,1395,1266,1238,0,1191,1253,1220,1157,1346,1196,1220,0,1156,1367,1191,1253,1334,1149,1296,1205,1265,1239,1149,1272,1138,0,1073,1038,1063,1024,0,1036,1023,1057,967,1046,992,1016,1023,962,1074,961,1019,1002,974,1023,970,986,987,977,1027,969,1028,967,1044,1001,1034,964,968,983,977,963,952,1003,960,945,970,932,0,0,1000,953,952,918,995,986,976,921,0,928,935,947,912,940,915,959,914,906,956,929,948,969,867,941,0,0,946,0,0,900,959,995,942,955,915,
1170,1241,1334,1182,1193,1316,3,1217,1343,1197,1308,1277,1206,1335,1301,1166,1281,1206,1369,1335,1216,1379,1274,1257,1318,1142,1315,1285,1151,1248,1269,1214,1287,1190,1208,1361,0,1295,1245,1165,1306,0,1224,1372,1168,1255,1278,1241,1312,1295,1250,1379,1255,1266,1358,1239,1371,1321,1255,1387,0,1272,1259,1134,1380,1289,1267,1320,1168,0,1272,0,1362,1208,1338,1214,1279,1261,1192,1219,984,1022,1034,988,1031,991,1016,1046,966,1081,993,973,1008,978,1009,989,1024,969,981,946,984,977,975,975,0,1030,965,963,977,954,982,932,982,938,950,972,911,934,945,924,898,976,923,0,0,924,949,918,924,929,894,819,952,909,926,925,908,917,900,907,895,923,0,925,916,905,896,961,862,889,901,0,888,874,849,931,908,927,874,872,
1263,1236,1165,1284,1225,1187,1194,1247,1236,1227,1198,1339,1235,1195,1352,0,1193,1320,1267,1276,1319,1242,1376,1286,1197,1025,990,1219,1,1150,1259,1291,1157,1349,1199,1242,0,1126,1303,1284,0,1297,1252,1122,1287,0,1279,1364,1245,1323,1262,1258,1338,1214,1260,1299,1258,1339,0,1248,1352,1234,1302,1263,1252,1363,0,1311,1249,1234,1325,1190,1270,1229,1199,1329,1204,1246,1217,1163,0,1040,1076,1088,1052,0,989,1073,1004,1046,1036,987,1036,1006,1055,970,985,1036,978,1081,983,1062,992,979,993,977,976,965,1010,982,986,1005,934,974,965,972,900,1006,1002,959,966,977,983,0,0,917,965,910,930,895,895,948,912,0,941,974,950,962,908,950,899,978,868,921,899,936,949,913,893,0,0,896,0,0,910,972,908,956,953,942,
1096,1306,1147,1203,1333,1165,0,1271,1211,1256,1293,1245,1367,1220,1239,1292,1211,1295,1351,1200,1297,1350,1259,1246,1277,1214,1296,1157,1214,1337,1194,1282,1244,1174,1317,1298,0,1282,1233,1232,1293,0,1334,1359,1171,1342,1206,1265,1343,1217,1290,1335,1220,1304,1184,1306,1326,1716,1362,1196,0,1361,1250,1353,1233,1288,1305,1159,1199,0,1300,0,1206,1252,1246,1214,1329,1196,1286,1170,1046,1127,972,1029,1057,1007,1068,987,1078,1032,992,1038,1010,1010,1012,1050,980,1076,1078,1026,1034,981,1083,980,0,1034,980,1068,971,1054,945,1019,1055,1001,1037,990,1021,1039,1029,1022,1016,1026,1039,0,0,1051,973,1050,986,1020,1033,1009,1062,1002,1003,1045,1046,995,1009,962,1050,993,0,1026,1053,984,1068,1050,1046,998,1041,0,1020,993,1080,1012,1029,1020,1037,1035,
1178,1174,1212,1243,1158,1283,1228,1219,1305,1165,1289,1265,1155,1286,1271,0,1342,1235,1238,1305,1212,1239,1322,1271,1294,1356,1232,1264,0,1248,1321,1256,1225,1347,1218,1267,1319,1136,1341,1272,0,1317,1193,1230,1345,0,1361,1244,1239,1312,1157,1256,1283,1209,1311,1231,1252,1334,0,1333,1199,1275,1322,1122,1316,1275,0,1345,1208,1300,1200,1147,1193,1161,1250,1213,1191,1311,1174,1204,0,1013,1082,1016,1037,0,1038,1016,984,1022,968,995,999,914,1021,972,1061,1009,1040,974,1009,984,973,1015,970,1005,1029,958,1035,962,963,946,1000,961,959,981,959,895,1001,985,914,969,907,0,0,914,980,936,1018,907,934,948,953,0,889,864,908,903,927,876,824,899,945,924,890,912,897,988,905,0,0,895,0,0,930,963,901,987,872,886,
1174,1283,1232,1201,1197,1168,0,1257,1189,1379,1282,1199,1384,1163,1248,1304,1179,1282,1309,1225,1339,1191,1205,1358,1219,1282,1292,1249,1275,1314,1253,1307,1275,1234,1350,1233,0,1316,1168,1231,1219,0,1345,1227,1189,1250,1181,1333,1268,1159,1363,1274,1279,1309,1153,1313,1264,0,1243,1136,0,1271,1159,1299,1133,1276,1220,1153,1322,0,1249,0,1163,1319,1190,1183,1236,1159,1298,1083,1124,1007,1030,1049,981,1011,931,994,1007,964,1045,937,1002,972,977,979,928,982,939,941,1038,966,962,922,0,931,906,984,894,945,946,938,835,956,871,963,901,894,920,880,900,887,836,0,0,855,856,847,868,851,861,815,828,823,852,933,816,834,861,902,862,822,0,868,814,807,842,838,847,772,779,0,817,857,850,834,796,699,797,840,
1230,1204,1269,1246,1177,1312,1217,1242,1299,1172,1300,1276,1144,1342,1264,0,1315,1215,1223,1291,1153,1320,1297,1232,1337,1227,1271,1267,0,1288,1278,1207,1287,1230,1211,1269,1266,1278,1336,1231,0,1225,1157,1300,1191,0,1341,1222,1338,1293,1204,1353,1270,1333,0,1223,0,0,0,1369,1219,1239,1280,1171,1366,1215,0,1297,1204,1374,1210,1293,1263,1168,1303,1175,1280,1227,1219,1236,0,1168,977,1076,1108,0,994,1016,1045,1026,996,1034,966,1057,1034,1009,1047,975,1079,1017,1041,984,1007,1011,1026,1006,993,1029,970,982,976,1064,938,979,999,947,1045,982,1070,971,960,981,941,0,0,961,987,970,924,1015,927,977,984,0,977,897,871,959,918,914,933,920,952,870,892,950,971,922,877,0,0,908,0,0,898,944,921,909,928,914,
1302,1285,1185,1308,1294,1230,0,1223,1201,1367,1227,1189,1316,1142,1326,1231,1193,1306,1299,1207,1309,1224,1251,1339,1191,1304,1255,1228,1300,1147,1239,1357,1165,1275,1294,1202,0,1209,1259,1336,1172,0,1287,1242,1320,1247,1205,0,1210,1324,1285,1245,1398,1278,1261,1347,1241,1345,1276,1248,0,1242,1339,1241,1191,1351,1213,1341,1236,0,1377,0,1258,1254,1230,1239,1229,1328,1247,1211,1020,968,1038,1017,1033,1026,962,1087,1008,944,1027,998,1022,966,1004,971,981,978,963,1027,978,1048,1011,904,0,980,980,924,1003,945,1000,919,957,1017,954,941,945,970,934,918,914,964,959,0,0,951,926,934,946,864,886,915,917,882,879,939,882,908,920,838,925,884,0,898,899,928,889,909,907,914,915,0,875,881,884,894,869,928,901,876,
1135,1205,1305,1244,1300,1243,1210,1236,1303,1218,1356,1187,1185,1251,1170,0,1387,1218,1280,1288,1199,1342,1240,1197,1362,1240,1322,1291,0,1337,1258,1183,1375,1230,1298,1324,1182,1338,1236,1223,0,1177,1220,1262,1234,0,1210,1228,1366,1234,1064,1301,1248,1397,1248,1267,1307,1291,0,1201,1285,1352,1210,1306,1269,1274,0,1235,1323,1241,1250,1363,1269,1347,1193,1239,1311,1237,1332,1129,0,1120,955,1061,1018,0,993,986,1059,982,1003,984,1027,1041,982,1070,996,1011,963,1000,1002,989,1031,960,1047,962,1029,939,977,1023,969,1011,972,1018,955,985,926,988,956,988,946,942,936,0,0,892,966,936,1028,953,923,897,920,0,929,926,936,936,927,916,880,961,907,927,947,892,949,930,923,0,0,923,0,0,895,977,945,895,890,959,
1235,1195,1184,1322,1185,1294,0,1238,1289,1303,1267,1329,1242,1228,1350,1287,1192,1356,1268,1277,1313,1242,1401,1269,1220,1353,1214,1219,1226,971,1277,1300,1219,1309,1231,1236,0,1163,1305,1259,1183,0,1153,1288,1397,1176,1354,1227,1177,1317,1192,1269,1325,1245,1319,1245,1304,1312,1202,1293,0,1219,1307,1116,1292,1193,1220,1303,1189,0,1220,0,1283,1183,1299,1170,1159,1303,1168,1212,1029,1024,1050,995,1003,983,1025,1006,1004,1010,861,969,990,983,972,972,950,907,1004,990,1013,942,989,944,0,993,941,1032,953,958,987,996,1012,933,932,937,916,941,968,957,949,830,955,0,0,908,951,993,961,880,901,907,931,872,887,952,864,960,950,933,894,914,0,938,926,881,912,908,864,935,895,0,925,892,905,908,896,912,909,894,
1096,1234,1299,1205,1206,1211,1182,1309,1159,1261,1319,1208,1236,1290,1249,0,1241,1205,1416,1236,1298,1350,1210,1357,1282,1258,1384,1249,0,1324,1202,1264,1325,1159,1327,1230,1225,1308,1192,1241,0,1170,1307,1283,1254,0,1150,1279,1321,1202,1321,1175,1285,1307,1223,1348,1235,1327,0,1167,1335,1265,1192,1333,1171,1295,0,1206,1300,1101,1294,1207,1246,1292,1156,1339,1190,1226,1208,1084,0,1004,1034,1024,994,0,971,996,1007,968,1013,974,996,966,886,926,977,997,983,956,926,993,948,944,976,943,959,940,977,958,1019,967,967,918,958,912,890,946,895,838,908,926,886,0,0,863,907,900,934,958,902,900,942,0,927,898,921,903,914,881,880,914,910,897,870,909,896,852,875,0,0,875,0,0,900,868,948,885,866,838,
1293,1149,1199,1296,1200,1293,0,1152,1324,1207,1218,1349,1163,1300,1300,1154,1243,1209,1236,1345,1272,1263,1384,1265,1293,1272,1196,1328,1280,1230,1373,1224,1223,1322,1236,1301,0,1222,1341,1208,1209,1,1161,1305,1319,1175,1323,1221,1300,1318,1176,1371,1278,1265,1296,1185,1357,1226,1224,1346,0,1356,1253,1238,1311,1186,0,1288,1192,0,1070,0,1236,1209,1287,1149,1367,1226,1230,1198,1026,1045,1058,1044,968,1081,994,1016,1022,967,991,966,988,1002,958,1004,905,1011,983,963,962,977,983,996,0,985,1002,977,965,970,975,901,944,975,907,966,919,961,942,956,962,885,965,0,0,916,968,957,904,951,965,909,895,941,815,901,915,943,933,876,900,930,0,876,908,861,911,904,856,907,870,0,883,857,856,852,891,928,818,855,
1125,1227,1199,1140,1311,1110,1200,1285,1174,1268,1253,1202,1335,1212,1216,2,1198,1333,1342,1241,1342,1247,1261,1349,1264,1344,1356,1238,0,1320,1241,1382,1274,1253,1425,1299,1365,1290,1216,1326,0,1187,1373,1181,1359,0,1185,1365,1255,1267,1338,1246,1398,1279,1311,1344,1218,1355,0,1206,1325,1142,1332,1311,1165,1308,0,1335,1263,1347,1229,1204,1351,1207,1314,1222,1196,1265,1151,1238,0,1037,1033,963,1010,0,1025,940,993,993,947,959,985,996,965,950,988,959,1013,967,999,926,977,977,977,983,913,1002,968,982,959,928,973,886,918,943,957,939,959,910,922,908,904,0,0,949,899,905,881,916,899,905,872,0,844,859,888,933,880,912,870,826,888,853,862,807,876,861,913,0,0,900,0,0,879,868,810,882,840,829,
1237,1210,1228,1174,1212,1359,0,1179,1313,1183,1282,1329,1197,1320,1331,1179,1314,1258,1261,1370,1257,1385,1339,1254,1284,1057,1226,1340,1198,1314,1272,1230,1293,1239,1268,1431,0,1332,1228,1235,1332,0,1201,1358,1291,1302,1318,1262,1398,1293,1121,1354,1219,1350,1309,1248,1380,1229,1344,1218,0,1285,1206,1350,1197,1348,1244,1232,1326,0,1265,0,1229,1369,1204,1338,1217,1272,1301,1140,1042,1008,1009,949,896,993,996,1028,907,980,986,915,980,948,1020,942,956,1003,963,1011,977,1008,933,972,0,946,917,956,975,909,883,949,977,897,888,931,898,935,916,897,922,981,887,0,0,900,921,904,889,910,891,914,912,907,926,898,919,886,884,876,911,896,0,858,857,882,870,784,860,848,907,0,865,850,887,812,941,873,880,890,
1203,1333,1195,1203,1268,1212,1292,1269,1161,1371,1228,1241,1362,1186,1267,3,1172,1368,1273,1232,1334,1210,1375,1375,1294,1345,1258,1263,0,1211,1267,1271,1235,1311,1294,1354,1324,1211,1279,1291,0,1318,1226,1388,1336,0,1273,1347,1269,1360,1259,1329,1225,1293,1315,1172,1363,1257,0,1318,1240,1297,1238,1232,1432,1270,0,1265,1253,1288,1127,1319,1201,1213,1260,1203,1340,1166,1305,1177,0,1029,1009,1073,993,0,956,994,944,1010,997,887,996,982,982,987,994,1020,988,995,970,1010,1052,899,983,916,1029,891,979,938,924,981,905,915,945,977,975,955,978,946,908,861,957,0,0,887,942,944,963,900,932,935,898,0,939,945,934,923,889,941,904,892,902,910,910,862,882,918,915,0,0,889,0,0,878,915,911,845,868,866,
1187,1216,1330,1224,1199,1335,1,1254,1319,1292,1362,1270,1224,1377,1224,1228,1312,1175,1306,1367,1221,1326,1246,1334,1324,1212,1361,1276,1231,1346,1243,1371,1341,1193,1336,1209,0,1360,1188,1280,1221,0,1355,1255,1315,1267,1237,1332,1249,1221,1418,1229,1328,1219,1303,1365,1245,1310,1236,1297,0,1225,1319,1266,1257,1420,1192,1331,1230,0,1235,0,1293,1174,1163,1325,1168,1287,1195,1199,1014,995,1008,1007,1063,962,1029,1000,1011,1033,968,1023,961,945,970,943,1000,956,1019,979,1003,963,920,996,0,1005,999,962,962,882,907,935,948,918,915,970,961,918,943,972,886,945,909,0,0,935,896,920,899,911,885,926,956,899,925,937,942,896,850,932,920,945,0,879,882,849,882,848,847,862,896,0,867,829,899,883,908,859,861,912,
1267,1244,1254,1248,1196,1190,1331,1179,1210,1373,1188,1312,1289,1254,1358,0,1225,1378,1186,1284,1338,1237,1336,1207,1168,1382,1291,1266,0,1233,1379,1260,1272,1294,1210,1327,1204,1228,1371,1199,1,1233,1175,1342,1196,0,1295,1196,1377,1258,1318,1278,1185,1374,1226,1278,1353,1229,0,1216,1177,1311,1202,1309,1211,1257,0,1218,1327,1187,1190,1244,1141,1311,1193,1324,1263,1186,1309,1107,0,1004,1033,1050,982,0,949,1007,1019,1035,1082,954,1010,941,1037,1019,970,1071,900,1063,982,1010,989,1018,975,964,1040,974,985,980,1013,913,888,942,978,882,900,960,956,1006,910,990,888,0,0,911,920,891,894,951,932,942,909,0,895,910,914,898,817,906,917,908,915,908,904,874,883,879,875,0,0,912,0,0,853,887,814,887,802,764,
1159,1211,1276,1132,1242,1283,0,1316,1221,1324,1374,1243,1271,1338,1204,1274,1344,1231,1264,1266,1326,1299,1249,1377,1229,1304,1375,1240,1306,1303,1195,1367,1234,1204,1317,1260,0,1237,1263,1347,1194,0,1307,1222,1413,1138,1262,1356,1194,1399,1263,1252,1396,1222,1342,1267,1213,1408,1197,1377,0,1263,1326,1159,1270,1319,1180,1313,1179,0,1244,0,1352,1156,1322,1194,1277,1264,1177,1227,940,1029,1014,1008,1004,972,1030,964,1036,1033,1006,961,975,979,964,885,1032,924,1030,954,974,976,969,974,0,999,1000,978,941,923,940,922,917,965,938,915,942,955,970,963,875,937,939,0,0,898,886,934,907,908,899,884,872,906,868,915,931,911,877,900,934,923,0,887,863,920,893,876,836,916,847,0,802,886,858,871,832,930,897,856,
1279,1198,1185,1275,1015,1199,1289,1142,1303,1175,1247,1285,1208,1300,1239,0,1388,1181,1269,1361,1262,1359,1304,1298,1370,1281,1313,1344,0,1358,1298,1269,1398,1197,1246,1367,1216,1296,1367,1246,0,1223,1207,1332,1235,1,1235,1275,1389,1241,1317,1248,1270,1385,1193,1359,1272,1237,0,1204,1343,1285,1,1340,1209,1391,0,1213,1324,1183,1342,1196,1236,1309,1192,1297,1130,1297,1225,1127,0,979,1060,982,947,0,979,1055,973,1043,986,967,985,980,1061,963,1030,995,1014,962,981,1033,966,927,936,1008,987,1017,963,937,955,936,967,920,1010,934,1032,999,990,915,861,934,917,0,0,941,927,890,910,891,886,908,889,0,875,941,930,962,895,904,883,901,871,903,908,819,843,863,815,0,0,900,0,0,902,859,910,889,863,845,
1220,1324,1253,1246,1289,1177,0,1279,1231,1420,1299,1241,1349,1170,1338,1329,1177,1322,1236,1306,1341,1221,1327,1328,1230,1387,1216,1255,1361,1276,1293,1299,1256,1363,1245,1222,0,1249,1282,1257,1230,0,1310,1269,1303,1240,1358,1325,1306,1383,1269,1348,1375,1267,1362,1251,1325,1229,1255,1378,0,1265,1237,1244,1336,1267,1356,1174,1230,0,1225,0,1243,1223,1299,1209,1337,1203,1287,1153,993,1051,998,1049,987,990,1027,982,1039,991,996,989,984,986,976,887,979,995,911,1072,973,985,999,976,0,961,986,939,932,951,988,972,954,994,886,901,908,957,924,951,890,914,930,0,0,938,914,932,883,882,868,901,906,889,922,936,955,905,884,869,897,942,0,887,917,840,906,884,907,837,897,0,852,880,884,896,877,905,855,867,
1272,1152,1294,1247,1103,1331,1182,1225,1285,1202,1331,1376,1177,1330,1223,0,1366,1169,1399,1282,1275,1312,1290,1292,1386,1197,1332,1318,0,1360,1243,1322,1347,1252,1403,1299,1292,1374,1220,1294,0,1279,1330,1238,1304,0,1280,1385,1262,1231,1357,1271,1339,1262,1282,1362,1195,1341,0,1292,1343,1290,1337,1263,1278,1313,0,1356,1286,1252,1317,1249,1353,1236,1275,1214,1256,1275,1213,1205,0,1049,1070,972,1005,0,1036,1016,1041,1010,941,1072,973,1002,1028,968,970,1013,1005,966,1037,950,1034,933,995,953,922,997,924,1010,919,1013,931,951,999,862,962,941,953,876,981,918,917,0,0,863,933,941,817,935,890,909,922,0,903,898,961,906,855,891,884,883,906,894,900,894,886,859,927,0,0,881,0,0,879,908,887,907,873,890,
1154,1308,1201,1256,1321,1164,0,1237,1250,1375,1213,1294,1347,1183,1336,1308,1179,1337,1202,1276,1356,1207,1393,1234,1253,1367,1204,1307,1326,1229,1379,1246,1302,1374,1216,1349,0,1194,1331,1166,1319,0,1275,1394,1235,1268,1346,1221,1348,1203,1279,1371,1214,1356,0,1295,1329,1282,1311,1223,0,1326,1271,1343,1298,1300,1263,1288,1349,0,1277,0,1192,1290,1123,1234,1199,1239,1301,1096,1063,998,1029,1006,998,1033,935,1067,1032,1030,969,1001,1056,954,981,960,1004,981,1003,983,997,1014,923,979,0,1005,983,919,953,949,937,928,957,936,988,957,992,912,961,880,939,959,925,0,0,884,897,913,935,909,882,912,844,909,884,903,855,935,928,912,933,904,0,887,854,893,948,896,886,843,865,0,872,894,873,847,876,933,872,885,
1332,1300,1385,1364,1323,1421,1308,1344,1402,1290,1460,1421,1312,1450,1344,0,1456,1302,1504,1385,1353,1536,1325,1396,1475,1291,1474,1307,0,1378,1301,1474,1417,1378,1449,1312,1410,1464,1304,1481,0,1388,1414,1272,1445,0,1315,1481,1270,1474,1374,1402,1458,1292,1473,1304,1403,1447,0,1443,1388,1457,1505,1245,1458,1370,0,1464,1276,1385,1248,1393,1303,1280,1391,1241,1395,1280,1307,1333,0,1211,1109,1154,1057,0,1153,1037,1210,1087,1170,1053,1100,1182,1056,1180,1080,1196,1074,1129,1094,1031,1080,977,1115,1053,1045,1043,1022,1068,1086,958,1031,1089,1026,1138,986,1063,1041,1047,1025,1025,980,0,0,965,1069,987,1060,978,1028,971,1050,0,1034,965,1042,968,1000,967,994,1006,991,993,939,972,1059,966,965,0,0,985,0,0,1016,1007,969,994,1020,926,
1297,1391,1296,1416,1338,1279,0,1368,1388,1450,1373,1404,1333,1305,1453,1370,1354,1507,1389,1462,1435,1326,1503,1330,1413,1389,1286,1499,1446,1358,1496,1354,1519,1412,1321,1475,0,1430,1532,1285,1448,0,1394,1504,1298,1518,1417,1442,1483,1303,1433,1384,1392,1418,1333,1360,1333,1255,1414,1325,2,1349,1368,1465,1280,1471,1292,1390,1355,0,1408,0,1413,1402,1252,1501,1218,1429,1314,1254,1130,1072,1176,1071,1137,1034,1120,1077,1092,1158,1082,1120,1040,1109,1112,1065,1232,1057,1099,1053,1095,1058,996,1056,0,1062,1006,1094,1052,1109,1033,1095,984,968,1076,1020,1034,973,1034,1008,1057,1006,985,0,0,993,1023,977,1046,1010,1012,1025,999,992,1001,910,981,997,970,999,939,1028,0,1019,950,945,942,971,951,907,976,0,950,956,955,982,1008,1010,973,953,
1262,1286,1416,1303,1309,1379,1365,1398,1326,1358,1386,1383,1425,1402,1372,0,1351,1330,1465,1302,1432,1455,1328,1490,1411,1359,1435,1291,0,1403,1322,1490,1395,1454,1539,1369,1516,1418,1421,1518,0,1468,1365,1320,1418,0,1440,1363,1313,1470,1313,1494,1394,1377,1532,1223,1498,1348,0,1479,1293,1529,1462,1393,1519,1299,1,1327,1352,1438,1308,1401,1311,1461,1406,1273,1470,1215,1420,1236,1,1076,1071,1137,995,0,989,1110,1109,1096,1184,1039,1168,1071,1142,1092,1100,1123,1091,1133,1057,1160,1032,1076,1009,1038,1067,1032,1078,998,1035,995,1121,1041,1061,1082,963,1061,1057,1070,1076,1109,1026,0,0,1004,1012,1025,987,1004,971,1065,972,0,998,997,1043,1050,973,976,987,1111,1005,1016,1047,1065,996,974,997,0,0,975,0,0,931,960,970,1026,975,983,
1323,1292,1380,1378,1290,1407,0,1286,1458,1370,1429,1439,1377,1388,1450,1432,1430,1396,1373,1461,1396,1410,1427,1331,1471,1401,1350,1486,1353,1443,1397,1333,1494,1379,1427,1507,9,1512,1437,1353,1500,0,1481,1447,1333,1497,1294,1448,1423,1349,1511,1340,1466,1402,1327,1498,1335,1449,1402,1291,0,1374,1480,1432,1357,1511,1245,1404,1282,0,1389,0,1423,1305,1356,1404,1322,1382,1329,1372,1005,1121,1083,1115,1158,1052,1170,1084,1232,1090,1084,1106,1034,1168,1079,1135,1045,1136,1087,1080,1119,1084,1129,1048,0,1003,1083,1029,1041,1009,1058,1046,1043,1083,977,1073,1012,1027,1018,1038,1056,1003,990,0,0,983,1004,1053,1104,1049,1050,1004,993,944,878,986,946,996,960,994,995,993,0,956,1019,954,989,968,980,1014,999,0,976,961,1008,969,936,1006,954,930,
1223,1360,1439,1332,1416,1347,1380,1401,1303,1410,1401,1302,1426,1307,1383,0,1300,1379,1357,1371,1430,1381,1408,1410,1392,1390,1322,1347,0,1415,1376,1482,1360,1490,1393,1427,1477,1359,1472,1440,0,1499,1368,1485,1426,0,1444,1383,1449,1468,1351,1479,1395,1472,1480,1326,1479,1316,0,1405,1278,1431,1387,1478,1444,1390,0,1261,1460,1324,1387,1361,1291,1309,1343,1398,1266,1272,1283,1212,0,1075,1126,1122,1124,0,1056,1148,1054,1116,1070,1084,1145,1018,1137,1038,1115,1056,1141,966,1114,1085,1069,1077,1085,1061,1042,1164,985,1089,999,1095,1048,1015,1057,1010,1069,998,1111,1013,1033,971,999,0,0,999,1054,1007,1052,1006,1034,1006,998,0,990,1022,971,1011,969,978,914,1014,962,1050,974,983,975,1024,980,0,0,962,0,0,1017,1015,1011,989,1017,970,
1409,1284,1268,1388,1290,1439,0,1339,1449,1283,1360,1480,1275,1362,1376,1418,1493,1255,1462,1436,1408,1465,1352,1401,1489,1302,1403,1367,1415,1490,1337,1430,1462,1395,1455,1403,0,1472,1469,1430,1355,0,1504,1387,1385,1436,1366,1472,1452,1416,1362,1364,1459,1377,1408,1343,1356,1394,1334,1424,0,1377,1451,1381,1462,1351,1347,1355,1337,0,1306,0,1364,1322,1398,1354,1403,1262,1409,1247,1102,1148,1074,1171,1042,1144,1096,1099,1072,1047,1151,1042,1155,1097,1132,1024,1099,1140,1106,1122,1021,1117,1036,1088,0,1064,1008,1015,927,928,1065,993,1076,1022,1029,1086,1006,1003,1048,999,1038,1040,1000,0,0,1025,983,1031,1009,993,984,1005,998,1012,969,1002,1010,938,950,1018,1009,1011,0,981,1013,996,1029,972,963,974,955,0,924,941,969,1050,989,986,973,1005,
1219,1333,1374,1248,1404,1290,1418,1402,1283,1419,1338,1349,1431,1257,1465,0,1321,1416,1276,1424,1464,0,1453,1326,1387,1461,1314,1451,0,1349,1398,1344,1437,1465,1339,1470,1376,1527,1502,1344,0,1391,1428,1456,1361,0,1371,1300,1448,1395,1450,1407,1385,1473,1346,1383,1343,1445,0,1331,1422,1336,1441,1544,1424,1454,0,1430,1312,1375,1420,1277,1390,1333,1394,1348,1359,1397,1217,1350,0,1106,1135,1016,1173,0,1130,1065,1156,1088,1143,1179,1070,1180,1121,1136,1050,1113,1153,1063,1167,1043,1079,1093,1112,1035,1133,1041,1068,1057,1046,1110,1013,723,1036,1090,1040,1069,1015,1098,1078,1065,1036,0,0,1019,1089,1025,1061,1014,995,1024,960,0,1009,1001,1001,963,1058,968,997,918,1035,987,970,990,1035,988,936,0,0,993,0,0,1070,972,1037,974,989,1045,
1430,1276,1372,1418,1239,1517,0,1343,1446,1265,1451,1440,1342,1442,1334,1312,1456,1282,1416,1357,1394,1457,1290,1523,1375,1291,1446,1352,1183,1486,1313,1418,1325,1429,1511,1290,0,1387,1459,1434,1341,0,1365,1470,1477,1335,1441,1331,1453,1464,1362,1447,1337,1444,1455,1343,1459,1338,1405,1448,0,1449,1348,1447,1459,1396,1402,1318,1449,0,1245,0,1290,1401,1222,1446,1391,1317,1408,1101,1044,1052,1178,1093,1060,1131,1030,1167,1081,1172,1094,1126,1054,1098,1129,1036,1175,1020,1094,1034,1097,1163,1111,1008,0,1076,1045,1073,1030,1073,1018,1052,1074,0,865,1005,1061,939,1021,970,1058,988,1040,0,0,1012,1051,1020,989,1020,1049,1014,990,994,976,1003,998,994,977,979,1001,1014,0,976,1008,1004,989,1003,961,1011,1004,0,1008,1044,1040,1007,1040,987,1013,1024,
1256,1447,1281,1276,1442,1267,1434,1368,1290,1464,1391,1376,1451,1258,1434,0,1256,1504,1283,1481,1434,1289,1489,1292,1436,1454,1282,1476,0,1413,1471,1342,1460,1381,1375,1472,1355,1455,1384,1382,1,1310,1459,1376,1328,0,1284,1438,1392,1404,1516,1293,1476,1355,1377,1493,1378,1494,0,1467,1459,1299,1444,1258,1469,1379,0,1474,1264,1410,1327,1375,1362,1226,1418,1233,1363,1214,1228,1346,0,1202,1066,1209,1119,0,1050,1009,1235,1056,1141,1092,1140,1074,1086,1162,1086,1119,1023,1099,1060,1100,1033,1049,1058,1019,1077,1012,1086,967,1084,1030,1110,1014,1085,1027,1069,1077,1009,1131,972,1005,1003,0,0,1069,992,1010,1009,1014,932,1003,979,0,993,1011,982,972,1026,955,965,956,995,949,945,921,950,856,967,0,0,1017,0,0,1020,1061,998,1004,979,985,
1390,1278,1351,1345,1232,1448,0,1314,1520,1300,1528,1399,1308,1451,1320,1441,1393,1286,1437,1307,1392,1386,1338,1481,1289,1364,1465,1267,1453,1331,1369,1449,1302,1472,1429,1329,0,1291,1495,1382,1367,0,1317,1450,1426,1415,1447,1326,1510,1396,1427,1498,1281,1477,1379,1357,1433,1300,1421,1277,0,1438,1327,1428,1305,1323,1395,1345,1413,0,1380,0,1306,1398,1277,1425,1288,1443,1239,1305,1113,1075,1166,1112,1045,1070,1161,1084,1053,1262,1041,1098,1045,1027,1068,1111,1068,1032,1142,1034,1114,1039,1107,1035,0,1051,1038,1024,1051,1081,995,1040,1035,1032,1043,1030,996,1011,988,996,1025,993,995,0,0,1007,1052,945,1020,1006,994,979,1021,991,966,933,933,954,968,991,1009,1004,0,897,1048,949,955,974,988,937,943,0,947,989,999,898,990,947,1031,942,
1282,1430,1326,1364,1391,1245,1407,1396,1340,1454,1327,1476,1472,1309,1474,1,1349,1436,1286,1434,1345,1364,1468,1286,1523,1372,1272,1498,0,1444,1416,1318,1490,1394,1549,1426,1337,1468,1313,1533,0,1343,1468,1293,1473,0,1315,1420,1283,1485,1393,1323,1448,1306,1520,1370,1346,1455,0,1479,1305,1428,1423,1293,1502,1332,0,1357,1317,1433,1229,1390,1322,1351,1369,1317,1439,1242,1433,1273,0,1106,1131,1242,1033,0,1052,1172,1079,1107,1173,1105,1182,1060,1145,1067,1107,1047,1060,1044,1007,1097,1039,1127,1007,1006,984,974,1025,1043,1051,1043,990,1016,1083,1001,1003,1026,1039,1036,1033,962,1045,0,0,989,1033,963,977,1044,1019,1030,936,0,991,1017,979,1037,1011,1007,1005,995,965,981,980,974,943,1000,987,0,0,956,0,0,979,933,959,990,1001,944,
1373,1297,1451,1340,1314,1368,0,1409,1470,1340,1461,1401,1427,1486,1310,1442,1360,1379,1474,1285,1424,1383,1490,0,1328,1498,1376,1303,1447,1310,1420,1446,1333,1502,1318,1414,1,1323,1520,1333,1466,0,1318,1519,1347,1471,1385,1349,1492,1374,1504,0,1412,1521,1329,1523,1402,1401,1461,1319,0,1337,1465,1453,1369,1448,1393,1387,1416,0,1453,0,1444,1340,1392,1350,1313,1378,1279,1397,1062,1186,1157,1126,1158,1045,1146,1063,1144,1046,1160,1026,1079,1117,1076,1147,1060,1047,1066,1120,1078,1090,1101,1038,0,1028,1095,1001,1085,987,1101,1001,1030,1037,1049,1057,1060,1047,1028,1048,1019,1031,998,0,0,1063,1002,986,992,973,970,1014,960,1029,1031,1029,879,1010,1013,1004,965,993,0,957,967,987,969,996,1013,1011,0,0,928,1037,956,1005,961,1060,961,1043,
1363,1425,1370,1390,1372,1295,1438,1382,1334,1377,1363,1475,1345,1432,1420,0,1462,1426,1360,1388,1357,1469,1424,1370,1435,1371,1465,1421,0,1437,1349,1395,1428,1405,1446,1401,1473,1397,1358,1482,0,1448,1391,1302,1466,0,1467,1387,1352,1512,1414,0,1452,1338,1460,1365,1503,1437,0,1384,1330,1469,1317,1425,1413,1380,0,1350,1456,1341,1404,1328,1307,1441,1274,1398,1296,1334,1307,1266,0,1071,1229,1034,1134,0,1050,1121,1050,1182,1045,1160,1131,1130,1110,1088,1110,1053,1124,1090,1146,1069,1075,1018,1092,1055,1048,1114,1057,1087,921,1103,1028,1116,1025,1080,953,1042,1099,1031,986,1037,1037,0,0,946,1037,978,1030,992,1044,927,1058,0,1022,1016,1006,991,928,943,992,916,984,974,1018,994,993,978,860,0,0,974,0,0,950,924,1017,1023,984,980,
1291,1280,1418,1290,1420,1313,0,1435,1354,1486,1461,1453,1483,1380,1411,1384,1429,1414,1376,1418,1450,1348,1370,1360,1344,1401,1376,1427,1320,1316,1378,1367,1465,1329,1425,1466,0,1475,1393,1439,1441,0,1426,1384,1342,1412,1449,1405,1372,1368,1465,1377,1422,1346,1376,1309,1335,1454,1323,1401,0,1389,1455,1322,1422,1353,1377,1336,1315,0,1260,0,1291,1345,1375,1282,1386,1260,1408,1221,1117,1029,1049,1079,1015,1086,1039,1104,1076,1025,1167,1055,1168,957,1112,1039,1060,1048,1029,1126,975,1078,993,1013,0,1044,1021,1012,1081,1040,1031,1017,977,1014,1034,953,971,969,983,939,1051,1027,997,0,0,988,971,914,968,1003,915,922,935,985,939,995,949,981,923,861,908,1021,0,936,851,984,951,919,922,935,956,0,977,970,947,947,949,936,960,856,
